1	1	22	CN772702ZM	22008	\N	0	14197	\N	\N	\N	\N	1	1	DCKT	78	N
2	1	22	CN774401X3	60632	\N	0	2	\N	\N	\N	\N	2	1	DCKT	78	N
3	1	21	TWT52500CG	6517	\N	0	3	\N	\N	\N	\N	3	1	DCKT	\N	N
4	1	21	TWT511019J	5746	\N	0	12980	\N	\N	\N	\N	4	1	\N	\N	N
5	1	31	SGH515X1T4	5730	\N	0	8069	\N	\N	\N	\N	5	1	DCKT	\N	N
6	1	56			\N	0	6	\N	\N	\N	\N	6	1	\N	\N	N
7	1	56			\N	0	7	\N	\N	\N	\N	7	1	\N	\N	N
8	1	56		65057	\N	0	8	\N	\N	\N	\N	8	1	\N	\N	N
9	1	56		67635	\N	0	9	\N	\N	\N	\N	9	1	\N	\N	N
10	1	56			\N	762	10	\N	\N	\N	\N	10	1	\N	\N	N
11	1	56		66262	\N	0	11	\N	\N	\N	\N	11	1	\N	\N	N
12	1	56			\N	762	12	\N	\N	\N	\N	12	1	\N	\N	N
13	1	56			\N	750	13	\N	\N	\N	\N	13	1	\N	\N	N
14	1	56			\N	750	14	\N	\N	\N	\N	14	1	\N	\N	N
15	1	56			\N	750	15	\N	\N	\N	\N	15	1	\N	\N	N
16	1	56		72285	\N	0	16	\N	\N	\N	\N	16	1	\N	\N	N
17	1	56			\N	0	17	\N	\N	\N	\N	17	1	\N	\N	N
18	1	22	CN764401ZE	22023	\N	0	11501	\N	\N	\N	\N	18	1	DCKT	78	N
19	1	22	CN770303CM	08017	\N	0	11888	\N	\N	\N	\N	19	1	DCKT	78	N
20	1	22	CN771103JU	08219	\N	11666	10253	\N	\N	\N	\N	20	1	DCKT	\N	N
21	1	22	CN770301YH	08021	\N	0	14271	\N	\N	\N	\N	21	1	DCKT	78	N
22	1	22	CN7727005H	64397	\N	0	10887	\N	\N	\N	\N	22	1	DCKT	78	N
23	1	22	CN771702XJ	21841	\N	0	8445	\N	\N	\N	\N	23	1	DCNXK	78	N
24	1	22	CN771103JW	08215	\N	0	14128	\N	\N	\N	\N	24	1	DCKT	78	N
25	1	47	99C8239	64703	\N	11666	25	\N	\N	\N	\N	25	1	\N	\N	N
26	1	21	TWT61100P8		\N	0	8676	\N	\N	\N	\N	26	1	DCKT	\N	N
27	1	6			\N	11666	27	\N	\N	\N	\N	27	1	\N	\N	N
28	1	6			\N	11666	28	\N	\N	\N	\N	28	1	\N	\N	N
29	1	6			\N	11666	29	\N	\N	\N	\N	29	1	\N	\N	N
30	1	21	TWT54001AT	모름	\N	0	8093	\N	\N	\N	\N	30	1	DCKT	\N	N
31	1	6			\N	11666	31	\N	\N	\N	\N	31	1	\N	\N	N
32	1	21	TWT54200VM	5614	\N	0	32	\N	\N	\N	\N	32	1	DCKT	\N	N
33	1	21	TWT60602J5	확인필요	\N	0	13010	\N	\N	\N	\N	33	1	\N	\N	N
34	1	21	CN763601ZG	X	\N	0	14189	\N	\N	\N	\N	34	1	DCKT	\N	N
35	1	21	TWT54100LG	5811	\N	0	3955	\N	\N	\N	\N	35	1	DCKT	\N	N
36	1	22	CN7842A140	68013	\N	0	12889	\N	\N	\N	\N	36	1	DCKT	78	N
37	1	22	CN771702YR	21844	\N	0	8388	\N	\N	\N	\N	37	1	DCKT	78	N
38	1	22	CN771702YM	21845	\N	0	38	\N	\N	\N	\N	38	1	DCKT	78	N
39	1	21	TWT606030G	5618	\N	0	39	\N	\N	\N	\N	39	1	DCKT	\N	N
40	1	21	TWT51101DA	5613	\N	0	40	\N	\N	\N	\N	40	1	DCKT	\N	N
41	1	21	TWT55003ZG	5615	\N	0	41	\N	\N	\N	\N	41	1	DCKT	\N	N
42	1	21	TWT512000B	5619	\N	0	42	\N	\N	\N	\N	42	1	DCKT	\N	N
43	1	21	TWT53800NU	없음	\N	0	6717	\N	\N	\N	\N	43	1	DCKT	\N	N
44	1	21	CN7639039L	6859	\N	0	6031	\N	\N	\N	\N	44	1	DCKT	\N	N
45	1	21	TWT52201CX		\N	0	45	\N	\N	\N	\N	45	1	\N	\N	N
46	1	21	TWT51101CN	5808	\N	0	4031	\N	\N	\N	\N	46	1	DCKT	\N	N
47	1	47	99C8238	64702	\N	11666	47	\N	\N	\N	\N	47	1	DCKT	\N	N
48	22	22	CN7823A0WM	66810	\N	0	12723	\N	\N	\N	\N	48	1	DCKT	78	N
49	1	22	CN774401Y2	64782	\N	0	11648	\N	\N	\N	\N	49	1	DCKT	78	N
50	1	22	CN774401VG	64783	\N	0	11647	\N	\N	\N	\N	50	1	DCKT	78	N
51	1	22	CN7751A41M	64784	\N	0	11646	\N	\N	\N	\N	51	1	DCKT	78	N
52	1	45	99GK430	55641	\N	11666	52	\N	\N	\N	\N	52	1	\N	\N	N
53	1	45	99GK725	55648	\N	0	53	\N	\N	\N	\N	53	1	DCKT	\N	N
54	1	45	99GK734	55647	\N	11666	54	\N	\N	\N	\N	54	1	\N	\N	N
55	1	45		55702	\N	0	55	\N	\N	\N	\N	55	1	\N	\N	N
56	1	45	99GK718	55642	\N	11666	56	\N	\N	\N	\N	56	1	\N	\N	N
57	1	45	99GK731	55646	\N	11666	57	\N	\N	\N	\N	57	1	\N	\N	N
58	1	45		55626	\N	0	58	\N	\N	\N	\N	58	1	\N	\N	N
59	1	45	99GK722	55645	\N	11666	59	\N	\N	\N	\N	59	1	\N	\N	N
60	1	21	CN763601YW	6881	\N	0	60	\N	\N	\N	\N	60	1	DCKT	\N	N
61	1	21	CN763704ZB	6871	\N	0	61	\N	\N	\N	\N	61	1	DCKT	\N	N
62	21	22	CN7834A239	67914	\N	0	11116	\N	\N	\N	\N	62	1	DCKT	78	N
63	22	22	CN7831A2J1	68016	\N	0	11658	\N	\N	\N	\N	63	1	DCKT	78	N
64	22	22	CN7842A156	68017	\N	0	12499	\N	\N	\N	\N	64	1	DCKT	78	N
65	1	32	SGH70417YT	8025	\N	0	11698	\N	\N	\N	\N	65	1	DCKT	79	N
66	1	17	CN68020B37	없음	\N	0	8966	\N	\N	\N	\N	66	1	DCKT	\N	N
67	1	17	CN68020B3D		\N	0	8967	\N	\N	\N	\N	67	1	DCKT	\N	N
68	1	16	8BPKQBX	없음	\N	0	19708	\N	\N	\N	\N	68	1	DCKT	69	N
69	1	21	TWT50300E0	6889	\N	0	10196	\N	\N	\N	\N	69	1	\N	\N	N
70	1	21	TWT511017Y	6882	\N	0	10197	\N	\N	\N	\N	70	1	DCKT	\N	N
71	1	21	TWT505001V		\N	7098	10113	\N	\N	\N	\N	71	1	DCKT	\N	N
72	1	21	TWT52201L9	5622	\N	0	10116	\N	\N	\N	\N	72	1	DCKT	\N	N
73	1	21	TWT52500BR	5722	\N	0	10914	\N	\N	\N	\N	73	1	DCKT	\N	N
74	1	22	CN7803A4EY	없음	\N	0	15625	\N	\N	\N	\N	74	1	DCKT	78	N
75	1	22	CN7812A2MM	없음	\N	0	15624	\N	\N	\N	\N	75	1	DCKT	78	N
76	1	22	CN7829A1AL	68373	\N	0	8979	\N	\N	\N	\N	76	1	DCKT	78	N
77	1	7			\N	11666	77	\N	\N	\N	\N	77	1	\N	\N	N
78	1	7			\N	11666	78	\N	\N	\N	\N	78	1	\N	\N	N
79	1	5	없음	없음	\N	11666	79	\N	\N	\N	\N	79	1	DCKT	\N	N
80	1	2			\N	11666	80	\N	\N	\N	\N	80	1	\N	\N	N
81	1	2	없음	없음	\N	11666	81	\N	\N	\N	\N	81	1	DCKT	\N	N
82	1	7			\N	11666	82	\N	\N	\N	\N	82	1	\N	\N	N
83	1	2			\N	11666	83	\N	\N	\N	\N	83	1	\N	\N	N
84	1	5	없음	없음	\N	11666	84	\N	\N	\N	\N	84	1	DCKT	\N	N
85	1	2			\N	11666	85	\N	\N	\N	\N	85	1	\N	\N	N
86	1	2	없음	없음	\N	11666	86	\N	\N	\N	\N	86	1	DCKT	\N	N
87	1	2			\N	11666	87	\N	\N	\N	\N	87	1	\N	\N	N
88	1	6			\N	11666	88	\N	\N	\N	\N	88	1	\N	\N	N
89	1	2	없음	없음	\N	11666	89	\N	\N	\N	\N	89	1	DCKT	\N	N
90	1	2			\N	11666	90	\N	\N	\N	\N	90	1	\N	\N	N
91	1	11	51CB81S	54538	\N	11666	91	\N	\N	\N	\N	91	1	DCKT	\N	N
92	1	55	SGH542X0L2	6414	\N	11666	92	\N	\N	\N	\N	92	1	\N	\N	N
93	1	2			\N	11666	93	\N	\N	\N	\N	93	1	\N	\N	N
94	1	2			\N	11666	94	\N	\N	\N	\N	94	1	\N	\N	N
95	1	21	TWT54001AK	없음	\N	0	95	\N	\N	\N	\N	95	1	DCKT	\N	N
96	1	2			\N	11666	96	\N	\N	\N	\N	96	1	\N	\N	N
97	1	21	TWT54001AG	없음	\N	0	97	\N	\N	\N	\N	97	1	DCKT	\N	N
98	1	193	TWT54001AJ		\N	0	2587	\N	\N	\N	\N	98	1	\N	\N	N
99	1	21	3X65MW8243	X	\N	0	3945	\N	\N	\N	\N	99	1	\N	\N	N
100	1	193	TWT5380124		\N	0	2588	\N	\N	\N	\N	100	1	\N	\N	N
101	1	21	TWT608029P	X	\N	0	3946	\N	\N	\N	\N	101	1	DCKT	\N	N
102	1	21	TWT5380118		\N	0	102	\N	\N	\N	\N	102	1	\N	\N	N
103	1	21	IR53MX2443	5816	\N	0	3947	\N	\N	\N	\N	103	1	DCKT	\N	N
104	1	21	TWT540000Z	500000	\N	0	8983	\N	\N	\N	\N	104	1	DCKT	\N	N
105	1	21	TWT54001BA	없음	\N	0	105	\N	\N	\N	\N	105	1	DCKT	\N	N
106	1	2	없음	없음	\N	0	106	\N	\N	\N	\N	106	1	DCKT	\N	N
107	1	19			\N	0	107	\N	\N	\N	\N	107	1	\N	\N	N
108	1	55	SGH8163X0RK	6467	\N	11666	108	\N	\N	\N	\N	108	1	\N	\N	N
109	1	3	없음	없음	\N	11666	10154	\N	\N	\N	\N	109	1	DCKT	\N	N
110	1	21	TWT52201LH		\N	11666	6792	\N	\N	\N	\N	110	1	\N	\N	N
111	1	21	TWT60700TE	6870	\N	0	6791	\N	\N	\N	\N	111	1	\N	\N	N
112	1	21	CN7631018W	6531	\N	11666	11080	NX16817	9999	고한조	임시 테스트	112	1	DCKT	\N	N
113	1	21	CN762702GT	5723	\N	0	12314	\N	\N	\N	\N	113	1	DCKT	\N	N
114	39	35	SGH001X6FJ	73122	\N	0	114	\N	\N	\N	\N	114	1	DCKT	93	N
115	1	22	CN77270039	60630	\N	0	11466	\N	\N	\N	\N	115	1	DCKT	78	N
116	1	21	TWT5380129		\N	11666	3749	\N	\N	\N	\N	116	1	\N	\N	N
117	1	11	HHR2B1S	54561	\N	11666	8542	\N	\N	\N	\N	117	1	DCKT	\N	N
118	1	21	TWT52500LR		\N	0	7994	\N	\N	\N	\N	118	1	DCKT	\N	N
119	1	21	TWT53800NM		\N	11666	3752	\N	\N	\N	\N	119	1	\N	\N	N
120	1	21	TWT538011K	X	\N	0	14190	\N	\N	\N	\N	120	1	DCKT	\N	N
121	1	21	TWT54001B7	5819	\N	0	7925	\N	\N	\N	\N	121	1	DCKT	\N	N
122	1	21	TWT54001C0	5853	\N	0	3898	\N	\N	\N	\N	122	1	DCKT	\N	N
123	1	21	TWT50300EP	5815	\N	0	3948	\N	\N	\N	\N	123	1	DCKT	\N	N
124	1	21	TWT505006T	5814	\N	0	3949	\N	\N	\N	\N	124	1	DCKT	\N	N
125	1	21	TWT52201M0	5813	\N	0	3950	\N	\N	\N	\N	125	1	\N	\N	N
126	1	193	TWT61800MX	0000	\N	0	11087	\N	\N	\N	\N	126	1	DCKT	\N	N
127	1	21	TWT61800KJ	000	\N	0	8622	\N	\N	\N	\N	127	1	DCKT	\N	N
128	1	193	TWT613003L		\N	0	128	\N	\N	\N	\N	128	1	\N	\N	N
129	1	21	TWT61800N1		\N	11666	129	\N	\N	\N	\N	129	1	\N	\N	N
130	1	21	TWT61800N2		\N	0	130	\N	\N	\N	\N	130	1	\N	\N	N
131	1	22	CN772300DX	64769	\N	0	4477	\N	\N	\N	\N	131	1	DCKT	78	N
132	60	28	CN70400C3M	77703	\N	0	16881	\N	\N	\N	\N	132	1	DCKT	23	N
133	60	28	CN70400C1W	77704	\N	0	17082	\N	\N	\N	\N	133	1	DCKT	23	N
134	60	28	SGH048X3BP	78200	\N	0	16551	\N	\N	\N	\N	134	1	DCKT	23	N
135	60	28	SGH122X66A	125284	\N	0	14778	\N	\N	\N	\N	135	1	DCKT	23	N
136	60	28	CN70400C2K	77682	\N	0	14100	\N	\N	\N	\N	136	1	DCKT	23	N
137	60	28	CN70400C2B	77683	\N	0	13436	\N	\N	\N	\N	137	1	DCKT	23	N
138	60	28	CN70400C2H	77684	\N	0	14099	\N	\N	\N	\N	138	1	DCKT	23	N
139	60	28	CN70400C3N	77685	\N	0	14502	\N	\N	\N	\N	139	1	DCKT	23	N
140	60	28	CN70400C3L	77686	\N	0	14501	\N	\N	\N	\N	140	1	DCKT	23	N
141	60	28	CN70400C23	77687	\N	0	141	\N	\N	\N	\N	141	1	DCKT	23	N
142	60	28	CN70400C43	77688	\N	0	142	\N	\N	\N	\N	142	1	DCKT	23	N
143	60	28	CN70400C3W	77689	\N	0	18213	\N	\N	\N	\N	143	1	DCNNJ	23	N
144	60	28	CN70400C2R	77690	\N	0	144	\N	\N	\N	\N	144	1	DCKT	23	N
145	60	28	CN70400C38	77691	\N	0	145	\N	\N	\N	\N	145	1	DCKT	23	N
146	60	28	CN70400C31	77692	\N	0	146	\N	\N	\N	\N	146	1	DCKT	23	N
147	60	28	CN70400C36	77693	\N	0	12511	\N	\N	\N	\N	147	1	DCKT	23	N
148	60	28	CN70400C44	77694	\N	0	12510	\N	\N	\N	\N	148	1	DCKT	23	N
149	60	28	CN70400C2J	77695	\N	0	16367	\N	\N	\N	\N	149	1	DCKT	23	N
150	60	28	CN70400C2P	77696	\N	0	16837	\N	\N	\N	\N	150	1	DCKT	23	N
151	60	28	CN70400C2W	77697	\N	0	13435	\N	\N	\N	\N	151	1	DCKT	23	N
152	60	28	CN70400C39	77698	\N	0	18315	\N	\N	\N	\N	152	1	DCKT	23	N
153	60	28	CN70400C3K	77699	\N	0	153	\N	\N	\N	\N	153	1	DCKT	23	N
154	60	28	CN70400C3Z	77700	\N	0	17615	\N	\N	\N	\N	154	1	DCKT	23	N
155	60	28	CN70400C3Y	77701	\N	0	155	\N	\N	\N	\N	155	1	DCKT	23	N
156	60	28	CN70400C20	77702	\N	0	14720	\N	\N	\N	\N	156	1	DCKT	23	N
157	1	22	CN771702YP	21843	\N	0	12628	\N	\N	\N	\N	157	1	DCKT	78	N
158	1	22	CN770200JA	22019	\N	0	4307	\N	\N	\N	\N	158	1	DCKT	78	N
159	3	22	CN7751A3H0	65076	\N	0	14147	\N	\N	\N	\N	159	1	DCKT	78	N
160	1	21	TWT5110188		\N	0	2584	\N	\N	\N	\N	160	1	\N	\N	N
161	1	2			\N	11666	161	\N	\N	\N	\N	161	1	\N	\N	N
162	1	21	TWT52201PZ	X	\N	0	3951	\N	\N	\N	\N	162	1	\N	\N	N
163	1	21	CN7639032R	6868	\N	0	3923	\N	\N	\N	\N	163	1	\N	\N	N
164	1	21	CN7639036G	6887	\N	0	7921	\N	\N	\N	\N	164	1	DCKT	\N	N
165	1	193	TWT538013F		\N	0	2590	\N	\N	\N	\N	165	1	\N	\N	N
166	1	21	TWT613016P	X	\N	0	7918	\N	\N	\N	\N	166	1	DCKT	\N	N
167	1	2			\N	11666	10117	\N	\N	\N	\N	167	1	DCKT	\N	N
168	1	22	CN772300E2	64767	\N	0	9603	\N	\N	\N	\N	168	1	DCKT	78	N
169	24	32	SGH834Y3MW	68382	\N	0	10343	\N	\N	\N	\N	169	1	DCKT	79	N
170	1	22	CN771103JP	08217	\N	0	11465	\N	\N	\N	\N	170	1	DCKT	78	N
171	1	22	CN771702YN	21846	\N	0	11882	\N	\N	\N	\N	171	1	DCKT	78	N
172	1	22	CN770500MR	08019	\N	0	11883	\N	\N	\N	\N	172	1	DCKT	78	N
173	1	2			\N	11666	173	\N	\N	\N	\N	173	1	\N	\N	N
174	1	2			\N	11666	174	\N	\N	\N	\N	174	1	\N	\N	N
175	1	2			\N	11666	175	\N	\N	\N	\N	175	1	\N	\N	N
176	1	2			\N	11666	176	\N	\N	\N	\N	176	1	\N	\N	N
177	1	2			\N	11666	177	\N	\N	\N	\N	177	1	\N	\N	N
178	1	2			\N	11666	178	\N	\N	\N	\N	178	1	\N	\N	N
179	1	193	TWT61800N4	0000	\N	0	11077	\N	\N	\N	\N	179	1	DCKT	\N	N
180	1	21	TWT52500BC	X	\N	0	3910	\N	\N	\N	\N	180	1	DCKT	\N	N
181	1	11	D3FVB1S	없음	\N	11666	8543	\N	\N	\N	\N	181	1	DCKT	\N	N
182	1	2			\N	11666	182	\N	\N	\N	\N	182	1	\N	\N	N
183	1	21	TWT52500BC	22023	\N	0	183	\N	\N	\N	\N	183	1	\N	\N	N
184	1	32	SGH749CL3T	64780	\N	0	8434	\N	\N	\N	\N	184	1	DCKT	79	N
185	1	22	CN774401XS	64457	\N	0	8389	\N	\N	\N	\N	185	1	DCKT	78	N
186	1	22	CN774401WS	64456	\N	0	12512	\N	\N	\N	\N	186	1	DCKT	78	N
187	1	22	CN774401WR	64455	\N	0	12743	\N	\N	\N	\N	187	1	DCKT	78	N
188	1	22	CN774401XY	64454	\N	0	9864	\N	\N	\N	\N	188	1	DCKT	78	N
189	1	22	CN774401VD	64460	\N	0	8555	\N	\N	\N	\N	189	1	DCKT	78	N
190	1	22	CN774401VB	64459	\N	0	12173	\N	\N	\N	\N	190	1	DCKT	78	N
191	1	2			\N	11666	191	\N	\N	\N	\N	191	1	\N	\N	N
192	1	11	3BY391S	X	\N	0	8116	\N	\N	\N	\N	192	1	DCKT	\N	N
193	1	6		0	\N	0	193	\N	\N	\N	\N	193	1	DCKT	\N	N
194	1	22	CN7723005Y	64775	\N	0	11645	\N	\N	\N	\N	194	1	DCKT	78	N
195	24	22	CN774401WT	64746	\N	0	14252	\N	\N	\N	\N	195	1	DCKT	78	N
196	24	22	CN7842A0WC	68374	\N	0	12882	\N	\N	\N	\N	196	1	\N	78	N
197	24	22	CN774401VY	64748	\N	0	11884	\N	\N	\N	\N	197	1	DCKT	78	N
198	24	22	CN774701HD	64756	\N	0	15412	\N	\N	\N	\N	198	1	DCKT	78	N
199	24	22	CN7842A15C	68375	\N	0	8387	\N	\N	\N	\N	199	1	DCKT	78	N
200	22	22	CN7842A03G	68353	\N	0	4404	\N	\N	\N	\N	200	1	\N	78	N
201	22	22	CN774701BE	64757	\N	0	12205	\N	\N	\N	\N	201	1	DCKT	78	N
202	22	22	CN7823A0X6	66821	\N	0	14132	\N	\N	\N	\N	202	1	DCNXK	78	N
203	22	22	CN7842A0WA	68021	\N	19775	11390	\N	\N	\N	\N	203	1	DCKT	78	N
204	22	22	CN7842A0WF	68015	\N	0	8188	\N	\N	\N	\N	204	1	DCKT	78	N
205	1	22	CN774401Y1	64458	\N	0	13549	\N	\N	\N	\N	205	1	DCKT	78	N
206	1	22	CN774401XT	64461	\N	0	13777	\N	\N	\N	\N	206	1	DCGH	78	N
207	1	22	CN774401XL	64462	\N	0	3899	\N	\N	\N	\N	207	1	\N	78	N
208	1	22	CN774401XE	64463	\N	0	12933	\N	\N	\N	\N	208	1	DCKT	78	N
209	1	22	CN771702YX	21848	\N	0	4390	\N	\N	\N	\N	209	1	DCKT	78	N
210	1	22	CN764401ZM	22020	\N	0	7987	\N	\N	\N	\N	210	1	DCKT	78	N
211	1	22	CN764401ZR	22021	\N	0	13881	\N	\N	\N	\N	211	1	DCKT	78	N
212	1	22	CN764401ZD	22022	\N	0	16036	\N	\N	\N	\N	212	1	DCKT	78	N
213	1	22	CN771703K4	21847	\N	0	11464	\N	\N	\N	\N	213	1	DCKT	78	N
214	1	22	CN772400SF	22024	\N	0	9865	\N	\N	\N	\N	214	1	DCKT	78	N
215	1	22	CN772400S5	22025	\N	0	12274	\N	\N	\N	\N	215	1	DCKT	78	N
216	1	21	CN763601Z5	X	\N	0	3952	\N	\N	\N	\N	216	1	DCKT	\N	N
217	1	21	3X6CMU0039	X	\N	0	3953	\N	\N	\N	\N	217	1	DCKT	\N	N
218	1	21	TWT61800N6	X	\N	0	3954	\N	\N	\N	\N	218	1	DCKT	\N	N
219	1	21	TWT61100PA	5827	\N	0	3911	\N	\N	\N	\N	219	1	DCKT	\N	N
220	60	28	SGH048X3BM	78201	\N	0	16588	\N	\N	\N	\N	220	1	DCKT	23	N
221	1	35	SGH07XWHQ		\N	11323	4602	\N	\N	\N	\N	221	1	DCKT	\N	N
222	1	22	CN770301YG	08015	\N	0	12977	\N	\N	\N	\N	222	1	\N	78	N
223	1	22	CN771103JX	08216	\N	0	13238	\N	\N	\N	\N	223	1	DCKT	78	N
224	1	22	CN771103JZ	08214	\N	0	14127	\N	\N	\N	\N	224	1	DCKT	78	N
225	1	22	CN771103HC	08222	\N	0	9054	\N	\N	\N	\N	225	1	DCKT	78	N
226	1	22	CN771103JC	08218	\N	0	9122	\N	\N	\N	\N	226	1	DCKT	78	N
227	1	7			\N	110	227	\N	\N	\N	\N	227	1	\N	\N	N
228	1	21	TWT613016K	55829	\N	0	3542	\N	\N	\N	\N	228	1	DCKT	\N	N
229	1	21	CN7639030N	06869	\N	0	3543	\N	\N	\N	\N	229	1	DCKT	\N	N
230	1	21	CN7639034V	06861	\N	0	3544	\N	\N	\N	\N	230	1	DCKT	\N	N
231	1	11	4CJM81S	54539	\N	11666	8544	\N	\N	\N	\N	231	1	DCKT	\N	N
232	1	7			\N	11666	232	\N	\N	\N	\N	232	1	\N	\N	N
233	1	21	TWT52500DY	55828	\N	0	3545	\N	\N	\N	\N	233	1	DCKT	\N	N
234	1	21	TWT618004K	5810	\N	0	3956	\N	\N	\N	\N	234	1	DCKT	\N	N
235	1	7			\N	11666	235	\N	\N	\N	\N	235	1	\N	\N	N
236	1	21	TWT54001CJ	X	\N	0	3957	\N	\N	\N	\N	236	1	DCKT	\N	N
237	1	21	TWT53901MG	X	\N	0	3958	\N	\N	\N	\N	237	1	DCKT	\N	N
238	1	21	CN763601YE	55844	\N	0	3365	\N	\N	\N	\N	238	1	DCKT	\N	N
239	1	21	TWT613003K	X	\N	0	3965	\N	\N	\N	\N	239	1	DCKT	\N	N
240	1	7			\N	11666	240	\N	\N	\N	\N	240	1	\N	\N	N
241	1	21	TWT52201JM		\N	110	2390	\N	\N	\N	\N	241	1	\N	\N	N
242	1	5			\N	11666	242	\N	\N	\N	\N	242	1	\N	\N	N
243	1	22	CN7727005D	60628	\N	0	8077	\N	\N	\N	\N	243	1	DCKT	78	N
244	1	22	CN770301YK	08020	\N	0	14962	\N	\N	\N	\N	244	1	DCKT	78	N
245	1	21	CN763601ZF	X	\N	0	3966	\N	\N	\N	\N	245	1	DCKT	\N	N
246	1	6			\N	11666	246	\N	\N	\N	\N	246	1	\N	\N	N
247	1	21	CN7639035T	6915	\N	0	3967	\N	\N	\N	\N	247	1	DCKT	\N	N
248	1	6			\N	11666	248	\N	\N	\N	\N	248	1	\N	\N	N
249	1	21	TWT52500C7	5856	\N	0	4032	\N	\N	\N	\N	249	1	DCKT	\N	N
250	1	21	CN7639035C	6880	\N	0	3978	\N	\N	\N	\N	250	1	DCKT	\N	N
251	1	21	TWT6170284	없음	\N	0	8972	\N	\N	\N	\N	251	1	DCKT	\N	N
252	1	21	CN763903A2	6867	\N	0	8509	\N	\N	\N	\N	252	1	DCKT	\N	N
253	1	5			\N	11666	253	\N	\N	\N	\N	253	1	\N	\N	N
254	1	7			\N	11666	254	\N	\N	\N	\N	254	1	\N	\N	N
255	1	6			\N	11666	255	\N	\N	\N	\N	255	1	\N	\N	N
256	1	35	SGH07XWFN	78069	\N	0	256	\N	\N	\N	\N	256	1	DCKT	93	N
257	1	22	CN774401WE	64764	\N	0	12686	\N	\N	\N	\N	257	1	DCKT	78	N
258	1	22	CN771702YT	21842	\N	0	10700	\N	\N	\N	\N	258	1	DCKT	78	N
259	1	22	CN774201TN	60635	\N	0	11463	\N	\N	\N	\N	259	1	DCKT	78	N
260	1	22	CN771103HP	08220	\N	0	16022	\N	\N	\N	\N	260	1	DCKT	78	N
261	1	6			\N	11666	4396	\N	\N	\N	\N	261	1	\N	\N	N
262	1	2			\N	11666	262	\N	\N	\N	\N	262	1	\N	\N	N
263	1	21	TWT538016S	5852	\N	0	3909	\N	\N	\N	\N	263	1	DCKT	\N	N
264	1	7			\N	11666	264	\N	\N	\N	\N	264	1	\N	\N	N
265	1	21	TWT51101AC	5627	\N	0	8115	\N	\N	\N	\N	265	1	DCCOK	\N	N
266	1	2			\N	11666	266	\N	\N	\N	\N	266	1	\N	\N	N
267	1	21	CN7637050R	6548	\N	0	8098	\N	\N	\N	\N	267	1	\N	\N	N
268	1	6			\N	11666	268	\N	\N	\N	\N	268	1	\N	\N	N
269	1	21	TWT538012D	x	\N	0	3979	\N	\N	\N	\N	269	1	DCKT	\N	N
270	1	21	TWT61800VC		\N	0	8618	\N	\N	\N	\N	270	1	DCKT	\N	N
271	1	21	CN763601YP	5828	\N	0	3912	\N	\N	\N	\N	271	1	DCKT	\N	N
272	1	21	CN7639033D	6863	\N	0	3287	\N	\N	\N	\N	272	1	\N	\N	N
273	1	21	TWT52500D1	5628	\N	0	8399	\N	\N	\N	\N	273	1	DCKT	\N	N
274	1	21	CN7639039X	6862	\N	0	8510	\N	\N	\N	\N	274	1	DCKT	\N	N
275	1	21	TWT52201K2	5708	\N	0	8976	\N	\N	\N	\N	275	1	DCKT	\N	N
276	1	22	CN772301C7	64774	\N	0	9117	\N	\N	\N	\N	276	1	DCKT	78	N
277	12	32	SGH823X8XY	66825	\N	0	8469	\N	\N	\N	\N	277	1	DCKT	79	N
278	1	22	CN77270029	60634	\N	0	13313	\N	\N	\N	\N	278	1	DCKT	78	N
279	1	22	CN774401ZB	64759	\N	0	9080	\N	\N	\N	\N	279	1	DCKT	78	N
280	1	32	SGH712375M	64436	\N	0	11960	\N	\N	\N	\N	280	1	DCKT	79	N
281	1	21	TWT538012K	6448	\N	0	3980	\N	\N	\N	\N	281	1	DCKT	\N	N
282	1	2			\N	11666	282	\N	\N	\N	\N	282	1	\N	\N	N
283	1	11	9PY391S	없음	\N	11666	8545	\N	\N	\N	\N	283	1	DCKT	\N	N
284	1	21	CN7637051C	6449	\N	0	3981	\N	\N	\N	\N	284	1	DCKT	\N	N
285	1	21	TWT54001AL	6446	\N	0	3982	\N	\N	\N	\N	285	1	DCKT	\N	N
286	1	2			\N	11666	286	\N	\N	\N	\N	286	1	\N	\N	N
287	1	21	TWT61800KD	6447	\N	0	3959	\N	\N	\N	\N	287	1	DCKT	\N	N
288	1	21	TWT5380175	6442	\N	0	3983	\N	\N	\N	\N	288	1	DCKT	\N	N
289	1	21	CN7631015B	6535	\N	0	7920	\N	\N	\N	\N	289	1	DCKT	\N	N
290	1	21	CN763704ZK	5818	\N	0	7926	\N	\N	\N	\N	290	1	DCKT	\N	N
291	1	22	CN772300E3	64778	\N	0	12925	\N	\N	\N	\N	291	1	\N	78	N
292	24	32	SGH841Y5DN	68381	\N	0	14302	\N	\N	\N	\N	292	1	DCKT	79	N
293	12	32	SGH823X8YH	66826	\N	0	5872	\N	\N	\N	\N	293	1	DCKT	79	N
294	1	21	TWT52201PS	5750	\N	0	10198	\N	\N	\N	\N	294	1	DCKT	\N	N
295	1	21	TWT52500CE	없음	\N	0	9737	\N	\N	\N	\N	295	1	DCKT	\N	N
296	1	21	TWT52500DX		\N	0	9910	\N	\N	\N	\N	296	1	DCKT	\N	N
297	1	21	TWT52201PF	55808	\N	0	10437	\N	\N	\N	\N	297	1	DCKT	\N	N
298	1	21	TWT52201LR		\N	0	9025	\N	\N	\N	\N	298	1	DCKT	\N	N
299	57	28	SGH032X6MV	76103	\N	0	9518	\N	\N	\N	\N	299	1	DCKT	23	N
300	57	28	SGH032X6MS	76104	\N	0	9517	\N	\N	\N	\N	300	1	DCKT	23	N
301	57	28	SGH032X6J3	76100	\N	0	9575	\N	\N	\N	\N	301	1	DCKT	23	N
302	57	28	SGH032X6J1	76099	\N	0	9576	\N	\N	\N	\N	302	1	DCKT	23	N
303	57	28	SGH032X6JA	76102	\N	0	9516	\N	\N	\N	\N	303	1	DCKT	23	N
304	57	28	SGH032X6J8	76101	\N	0	9515	\N	\N	\N	\N	304	1	DCKT	23	N
305	1	28	SGH032X88H	76082	\N	0	9540	\N	\N	\N	\N	305	1	DCKT	23	N
306	1	28	SGH032X88K	76083	\N	0	9539	\N	\N	\N	\N	306	1	DCKT	23	N
307	1	28	SGH032X89E	76084	\N	0	9538	\N	\N	\N	\N	307	1	DCKT	23	N
308	1	28	SGH032X88S	76085	\N	0	9537	\N	\N	\N	\N	308	1	DCKT	23	N
309	1	28	SGH032X88P	76086	\N	0	9536	\N	\N	\N	\N	309	1	DCKT	23	N
310	57	28	SGH032X892	76087	\N	0	9525	\N	\N	\N	\N	310	1	DCKT	23	N
311	57	28	SGH032X88M	76088	\N	0	9524	\N	\N	\N	\N	311	1	DCKT	23	N
312	57	28	SGH032X89C	76089	\N	0	9523	\N	\N	\N	\N	312	1	DCKT	23	N
313	57	28	SGH032X6J0	76090	\N	0	9519	\N	\N	\N	\N	313	1	DCKT	23	N
314	1	53			\N	0	10146	\N	\N	\N	\N	314	1	DCKT	\N	N
315	1	54	574J96FL900017	79241	\N	11666	315	\N	\N	\N	\N	315	1	\N	\N	N
316	1	54	574J96FL900044	79240	\N	11666	316	\N	\N	\N	\N	316	1	\N	\N	N
317	57	28	SGH032X6PP	76231	\N	0	9530	\N	\N	\N	\N	317	1	DCKT	23	N
318	57	28	SGH032X6PH	76232	\N	0	9529	\N	\N	\N	\N	318	1	DCKT	23	N
319	57	28	SGH032X6PK	76233	\N	0	9528	\N	\N	\N	\N	319	1	DCKT	23	N
320	57	28	SGH032X6PM	76234	\N	0	19606	\N	\N	\N	\N	320	1	DCKT	23	N
321	57	28	SGH032X6PE	76235	\N	0	9526	\N	\N	\N	\N	321	1	DCKT	23	N
322	1	24	CN97510198	79243	\N	0	12561	\N	\N	\N	\N	322	1	DCKT	95	N
323	1	24	CN79510197	79242	\N	0	12501	\N	\N	\N	\N	323	1	DCKT	95	N
324	57	28	SGH032X6PW	76243	\N	0	9541	\N	\N	\N	\N	324	1	DCKT	23	N
325	57	28	SGH032X6PS	76241	\N	0	9571	\N	\N	\N	\N	325	1	DCKT	23	N
326	57	28	SGH032X894	76091	\N	0	9535	\N	\N	\N	\N	326	1	DCKT	23	N
327	57	28	SGH032X896	76092	\N	0	9534	\N	\N	\N	\N	327	1	DCKT	23	N
328	57	28	SGH032X89A	76093	\N	0	9533	\N	\N	\N	\N	328	1	DCKT	23	N
329	57	28	SGH032X88X	76094	\N	0	9532	\N	\N	\N	\N	329	1	DCKT	23	N
330	57	28	SGH032X898	76096	\N	0	9531	\N	\N	\N	\N	330	1	DCKT	23	N
331	57	28	SGH032X89H	76095	\N	0	9522	\N	\N	\N	\N	331	1	DCKT	23	N
332	57	28	SGH032X88V	76097	\N	0	9521	\N	\N	\N	\N	332	1	DCKT	23	N
333	57	28	SGH032X890	76098	\N	0	9520	\N	\N	\N	\N	333	1	DCKT	23	N
334	57	28	SGH032X6RC	76242	\N	0	9514	\N	\N	\N	\N	334	1	DCKT	23	N
335	57	28	SGH033HCT	76226	\N	0	17096	\N	\N	\N	\N	335	1	DCKT	23	N
336	57	28	SGH032X85D	76227	\N	0	17240	\N	\N	\N	\N	336	1	DCKT	23	N
337	57	28	SGH032X85E	76228	\N	0	19120	\N	\N	\N	\N	337	1	DCKT	23	N
338	57	28	SGH032X6J7	76223	\N	0	10195	\N	\N	\N	\N	338	1	DCKT	23	N
339	57	28	SGH032X6R3	76224	\N	0	11543	\N	\N	\N	\N	339	1	DCKT	23	N
340	57	28	SGH032X6RE	76212	\N	0	9543	\N	\N	\N	\N	340	1	DCKT	23	N
341	57	28	SGH032X6RK	76196	\N	0	9510	\N	\N	\N	\N	341	1	DCKT	23	N
342	57	28	SGH032X6RF	76197	\N	0	9509	\N	\N	\N	\N	342	1	DCKT	23	N
343	57	28	SGH032X6RL	76198	\N	0	9508	\N	\N	\N	\N	343	1	DCKT	23	N
344	57	28	SGH032X6RJ	76199	\N	0	9507	\N	\N	\N	\N	344	1	DCKT	23	N
345	57	28	SGH033XFH4	76200	\N	0	15694	\N	\N	\N	\N	345	1	DCKT	23	N
346	57	28	SGH033XFHC	76202	\N	0	19403	\N	\N	\N	\N	346	1	DCKT	23	N
347	57	28	SGH033XFH2	76203	\N	0	15461	\N	\N	\N	\N	347	1	DCKT	23	N
348	57	28	SGH033XFH8	76204	\N	0	15460	\N	\N	\N	\N	348	1	DCKT	23	N
349	57	28	SGH033XFHT	76205	\N	0	17614	\N	\N	\N	\N	349	1	DCKT	23	N
350	57	28	SGH033XFHS	76206	\N	0	16913	\N	\N	\N	\N	350	1	DCNXK	23	N
351	57	28	SGH033XFHL	76207	\N	0	9563	\N	\N	\N	\N	351	1	DCKT	23	N
352	57	28	SGH033XFHP	76208	\N	0	9564	\N	\N	\N	\N	352	1	DCKT	23	N
353	57	21	TWT52201KX	76191	\N	0	9602	\N	\N	\N	\N	353	1	DCKT	\N	N
354	1	21	TWT52201L5		\N	0	8993	\N	\N	\N	\N	354	1	\N	\N	N
355	1	21	TWT52500BN		\N	0	8995	\N	\N	\N	\N	355	1	\N	\N	N
356	57	28	SGH033HCW	76229	\N	0	17093	\N	\N	\N	\N	356	1	DCKT	23	N
357	57	28	SGH032X85C	76230	\N	0	17097	\N	\N	\N	\N	357	1	DCKT	23	N
358	57	28	SGH032X6PV	76210	\N	0	16527	\N	\N	\N	\N	358	1	DCKT	23	N
359	57	28	SGH032X6J5	76209	\N	0	9574	\N	\N	\N	\N	359	1	DCKT	23	N
360	57	28	SGH032X6RH	76201	\N	0	9506	\N	\N	\N	\N	360	1	DCKT	23	N
361	57	28	SGH032X6RM	76211	\N	0	9505	\N	\N	\N	\N	361	1	DCKT	23	N
362	57	28	SGH033XFHJ	76213	\N	0	9503	\N	\N	\N	\N	362	1	DCKT	23	N
363	57	28	SGH033XFHH	76214	\N	0	9502	\N	\N	\N	\N	363	1	DCKT	23	N
364	57	28	SGH033XFH6	76215	\N	0	15459	\N	\N	\N	\N	364	1	DCKT	23	N
365	57	28	SGH033XFHA	76216	\N	0	15458	\N	\N	\N	\N	365	1	DCKT	23	N
366	57	28	SGH033XFHE	76217	\N	0	15457	\N	\N	\N	\N	366	1	DCKT	23	N
367	57	28	SGH032X75V	76218	\N	0	9565	\N	\N	\N	\N	367	1	DCKT	23	N
368	57	28	SGH033XFHR	76220	\N	0	9566	\N	\N	\N	\N	368	1	DCKT	23	N
369	57	28	SGH033XFHK	76219	\N	0	15551	\N	\N	\N	\N	369	1	DCKT	23	N
370	57	28	SGH033XFHN	76222	\N	0	9567	\N	\N	\N	\N	370	1	DCKT	23	N
371	57	28	SGH033XFHM	76221	\N	0	9577	\N	\N	\N	\N	371	1	DCKT	23	N
372	57	28	SGH032X6R6	76191	\N	0	9578	\N	\N	\N	\N	372	1	DCKT	23	N
373	1	28	SGH032X6PT	76191	\N	0	9579	\N	\N	\N	\N	373	1	DCKT	23	N
374	57	28	SGH032XDSJ	76130	\N	0	11627	\N	\N	\N	\N	374	1	DCKT	23	N
375	57	28	SGH032XDSX	76131	\N	0	9649	\N	\N	\N	\N	375	1	DCKT	23	N
376	57	28	SGH032XDSV	76132	\N	0	11626	\N	\N	\N	\N	376	1	DCKT	23	N
377	57	28	SGH032XDRM	76133	\N	0	11625	\N	\N	\N	\N	377	1	DCKT	23	N
378	57	28	SGH032XDRS	76134	\N	0	11624	\N	\N	\N	\N	378	1	DCKT	23	N
379	57	28	SGH032XDRL	76135	\N	0	11614	\N	\N	\N	\N	379	1	DCKT	23	N
380	57	28	SGH032XDSK	76136	\N	0	9654	\N	\N	\N	\N	380	1	DCKT	23	N
381	57	28	SGH032XDRP	76137	\N	0	10408	\N	\N	\N	\N	381	1	DCKT	23	N
382	57	28	SGH032XDT1	76138	\N	0	10407	\N	\N	\N	\N	382	1	DCKT	23	N
383	57	28	SGH032XDSL	76139	\N	0	9657	\N	\N	\N	\N	383	1	DCKT	23	N
384	57	28	SGH032XDSD	76140	\N	0	9744	\N	\N	\N	\N	384	1	DCKT	23	N
385	1	28	CN704205RD	77761	\N	0	10411	\N	\N	\N	\N	385	1	DCKT	23	N
386	1	28	CN704205RH	77762	\N	0	10412	\N	\N	\N	\N	386	1	DCKT	23	N
387	1	28	CN704205RR	77763	\N	0	9716	\N	\N	\N	\N	387	1	DCKT	23	N
388	1	28	CN704205RJ	77764	\N	0	11623	\N	\N	\N	\N	388	1	DCKT	23	N
389	57	28	SGH032XDS4	76141	\N	0	9752	\N	\N	\N	\N	389	1	DCKT	23	N
390	57	28	SGH032XDS3	76142	\N	0	11622	\N	\N	\N	\N	390	1	DCKT	23	N
391	57	28	SGH032XDRV	76143	\N	0	11621	\N	\N	\N	\N	391	1	DCKT	23	N
392	57	28	SGH032XDST	76144	\N	0	11620	\N	\N	\N	\N	392	1	DCKT	23	N
393	57	28	SGH032XDT6	76145	\N	0	10433	\N	\N	\N	\N	393	1	DCKT	23	N
394	57	28	SGH032XDS8	76146	\N	0	10406	\N	\N	\N	\N	394	1	DCKT	23	N
395	57	28	SGH032X6RR	76147	\N	0	9753	\N	\N	\N	\N	395	1	DCKT	23	N
396	57	28	SGH032X6RP	76148	\N	0	9664	\N	\N	\N	\N	396	1	DCKT	23	N
397	57	28	SGH032X6RV	76149	\N	0	9665	\N	\N	\N	\N	397	1	DCKT	23	N
398	57	28	SGH032X6RS	76151	\N	0	15550	\N	\N	\N	\N	398	1	DCKT	23	N
399	57	28	SGH032X6RN	76150	\N	0	15644	\N	\N	\N	\N	399	1	DCKT	23	N
400	57	28	SGH032X6RW	76152	\N	0	9758	\N	\N	\N	\N	400	1	DCKT	23	N
401	57	28	SGH032X6RT	76153	\N	0	9773	\N	\N	\N	\N	401	1	DCKT	23	N
402	57	28	SGH032XDS1	76154	\N	0	11613	\N	\N	\N	\N	402	1	DCKT	23	N
403	57	28	SGH032XDRR	76155	\N	0	9718	\N	\N	\N	\N	403	1	DCKT	23	N
404	57	28	SGH032XDRT	76156	\N	0	9719	\N	\N	\N	\N	404	1	DCKT	23	N
405	57	28	SGH032X654	76157	\N	0	9684	\N	\N	\N	\N	405	1	DCKT	23	N
406	57	28	SGH032X6P3	76158	\N	0	9682	\N	\N	\N	\N	406	1	DCKT	23	N
407	57	28	SGH032XDSF	76159	\N	0	9681	\N	\N	\N	\N	407	1	DCKT	23	N
408	57	28	SGH032XDRN	76160	\N	0	11612	\N	\N	\N	\N	408	1	DCKT	23	N
409	57	28	SGH032XDSW	76161	\N	0	11611	\N	\N	\N	\N	409	1	DCKT	23	N
410	57	28	SGH032XDRY	76162	\N	0	11610	\N	\N	\N	\N	410	1	DCKT	23	N
411	57	28	SGH032XDSE	76163	\N	0	11609	\N	\N	\N	\N	411	1	DCKT	23	N
412	57	28	SGH032XDSS	76164	\N	0	11608	\N	\N	\N	\N	412	1	DCKT	23	N
413	57	28	SGH032X6R1	76247	\N	0	11607	\N	\N	\N	\N	413	1	DCKT	23	N
414	57	28	SGH032X6R4	76248	\N	0	11619	\N	\N	\N	\N	414	1	DCKT	23	N
415	57	28	SGH032XDS5	76165	\N	0	11606	\N	\N	\N	\N	415	1	DCKT	23	N
416	57	28	SGH032XDSA	76166	\N	0	11605	\N	\N	\N	\N	416	1	DCKT	23	N
417	57	28	SGH032XDRW	76167	\N	0	11604	\N	\N	\N	\N	417	1	DCKT	23	N
418	57	28	SGH032XDSH	76168	\N	0	11603	\N	\N	\N	\N	418	1	DCKT	23	N
419	57	28	SGH032XDT3	76169	\N	0	17198	\N	\N	\N	\N	419	1	DCKT	23	N
420	57	28	SGH032XDT4	76170	\N	0	11618	\N	\N	\N	\N	420	1	DCKT	23	N
421	57	28	SGH032XDT8	76171	\N	0	9698	\N	\N	\N	\N	421	1	DCKT	23	N
422	57	28	SGH032XDS2	76172	\N	0	9699	\N	\N	\N	\N	422	1	DCKT	23	N
423	57	28	SGH032XDSC	76173	\N	0	9700	\N	\N	\N	\N	423	1	DCKT	23	N
424	57	28	SGH032XDT0	76174	\N	0	10698	\N	\N	\N	\N	424	1	DCKT	23	N
425	57	28	SGH032XDSR	76175	\N	0	9702	\N	\N	\N	\N	425	1	DCKT	23	N
426	57	28	SGH032XDRX	76176	\N	0	9703	\N	\N	\N	\N	426	1	DCKT	23	N
427	57	28	SGH032XDSM	76177	\N	0	9704	\N	\N	\N	\N	427	1	DCKT	23	N
428	57	28	YJ18MQ98909(구 SGH032XDS9)	76178	\N	0	10687	\N	\N	\N	\N	428	1	DCKT	23	N
429	57	28	SGH032XDSP	76179	\N	0	9706	\N	\N	\N	\N	429	1	DCKT	23	N
430	57	28	SGH032XDSB	76180	\N	0	9707	\N	\N	\N	\N	430	1	DCKT	23	N
431	57	28	SGH032XDS6	76181	\N	0	11617	\N	\N	\N	\N	431	1	DCKT	23	N
432	57	28	SGH032XDT7	76182	\N	0	11664	\N	\N	\N	\N	432	1	DCKT	23	N
433	57	28	SGH032XDS7	76183	\N	0	15549	\N	\N	\N	\N	433	1	DCKT	23	N
434	57	28	SGH032XDT5	76184	\N	0	11616	\N	\N	\N	\N	434	1	DCKT	23	N
435	57	28	SGH032XDT2	76185	\N	0	11663	\N	\N	\N	\N	435	1	DCKT	23	N
436	57	28	SGH032XDSN	76186	\N	0	9713	\N	\N	\N	\N	436	1	DCKT	23	N
437	57	28	SGH032XDSY	76187	\N	0	11662	\N	\N	\N	\N	437	1	DCKT	23	N
438	57	28	SGH032XDRK	76188	\N	0	11602	\N	\N	\N	\N	438	1	DCKT	23	N
439	57	28	SGH032XDS0	76189	\N	0	9746	\N	\N	\N	\N	439	1	DCKT	23	N
440	57	28	SGH032X657	76190	\N	0	9717	\N	\N	\N	\N	440	1	DCKT	23	N
441	1	48	QSFX91100536	없음	\N	0	11666	\N	\N	\N	\N	441	1	DCKT	\N	N
442	1	48	QSFX91100013		\N	0	10143	\N	\N	\N	\N	442	1	DCKT	\N	N
443	1	21	TWT52201L3	000000	\N	0	9733	\N	\N	\N	\N	443	1	DCKT	\N	N
444	1	21	TWT52201LD	000000	\N	0	9734	\N	\N	\N	\N	444	1	DCKT	\N	N
445	1	21	TWT52500DV	000000	\N	0	9735	\N	\N	\N	\N	445	1	DCKT	\N	N
446	1	21	TWT52500BY	000000	\N	0	9736	\N	\N	\N	\N	446	1	DCKT	\N	N
447	1	21	TWT53701JE	없음	\N	0	9738	\N	\N	\N	\N	447	1	DCKT	\N	N
448	1	21	TWT52201K1		\N	0	9004	\N	\N	\N	\N	448	1	\N	\N	N
449	57	28	SGH032X6R8	76246	\N	0	9637	\N	\N	\N	\N	449	1	DCKT	23	N
450	57	28	SGH032X6RA	76244	\N	0	9636	\N	\N	\N	\N	450	1	DCKT	23	N
451	57	28	SGH032XCY0	76105	\N	0	9605	\N	\N	\N	\N	451	1	DCKT	23	N
452	57	28	SGH032XCYP	76106	\N	0	9606	\N	\N	\N	\N	452	1	DCKT	23	N
453	57	28	SGH032XCXS	76107	\N	0	9607	\N	\N	\N	\N	453	1	DCKT	23	N
454	57	28	SGH032XCYE	76108	\N	0	9608	\N	\N	\N	\N	454	1	DCKT	23	N
455	57	28	SGH032XCYX	76109	\N	0	9609	\N	\N	\N	\N	455	1	DCKT	23	N
456	57	28	SGH032XCXV	76110	\N	0	9610	\N	\N	\N	\N	456	1	DCKT	23	N
457	57	28	SGH032XCY8	76111	\N	0	9611	\N	\N	\N	\N	457	1	DCKT	23	N
458	57	28	SGH032XCXF	76112	\N	0	9612	\N	\N	\N	\N	458	1	DCKT	23	N
459	57	28	SGH032XCY6	76113	\N	0	9613	\N	\N	\N	\N	459	1	DCKT	23	N
460	57	28	SGH032XCYM	76114	\N	0	9614	\N	\N	\N	\N	460	1	DCKT	23	N
461	57	28	SGH032XCYV	76115	\N	0	9615	\N	\N	\N	\N	461	1	DCKT	23	N
462	61	28	CN702007Z0	77784	\N	0	9632	\N	\N	\N	\N	462	1	DCKT	23	N
463	61	28	CN704205RY	77785	\N	0	12836	\N	\N	\N	\N	463	1	DCKT	23	N
464	61	28	CN704205RS	77786	\N	0	9634	\N	\N	\N	\N	464	1	DCKT	23	N
465	61	28	CN704205RP	77787	\N	0	9635	\N	\N	\N	\N	465	1	DCKT	23	N
466	61	28	CN702007Z5	77788	\N	0	9638	\N	\N	\N	\N	466	1	DCKT	23	N
467	61	28	CN702007Z3	77789	\N	0	9639	\N	\N	\N	\N	467	1	DCKT	23	N
468	57	28	SGH032X6J6	76225	\N	0	9545	\N	\N	\N	\N	468	1	DCKT	23	N
469	57	28	SGH032X6R0	76225	\N	0	10694	\N	\N	\N	\N	469	1	DCKT	23	N
470	61	28	CN704205RV	77769	\N	0	9640	\N	\N	\N	\N	470	1	DCKT	23	N
471	57	28	SGH032XCX6	76116	\N	0	9616	\N	\N	\N	\N	471	1	DCKT	23	N
472	57	28	SGH032XCYK	76117	\N	0	9617	\N	\N	\N	\N	472	1	DCKT	23	N
473	57	28	SGH032XCXX	76118	\N	0	9618	\N	\N	\N	\N	473	1	DCKT	23	N
474	57	28	SGH032XCYC	76119	\N	0	9619	\N	\N	\N	\N	474	1	DCKT	23	N
475	57	28	SGH032XCYS	76120	\N	0	9620	\N	\N	\N	\N	475	1	DCKT	23	N
476	57	28	SGH032XCXD	76121	\N	0	9621	\N	\N	\N	\N	476	1	DCKT	23	N
477	57	28	SGH032XCYH	76122	\N	0	9622	\N	\N	\N	\N	477	1	DCKT	23	N
478	57	28	SGH032XCX1	76123	\N	0	9623	\N	\N	\N	\N	478	1	DCKT	23	N
479	57	28	SGH032XCXP	76124	\N	0	9624	\N	\N	\N	\N	479	1	DCKT	23	N
480	57	28	SGH032XCXA	76125	\N	0	9625	\N	\N	\N	\N	480	1	DCKT	23	N
481	57	28	SGH032XCY2	76126	\N	0	9626	\N	\N	\N	\N	481	1	DCKT	23	N
482	57	28	SGH032XCXM	76127	\N	0	9627	\N	\N	\N	\N	482	1	DCKT	23	N
483	57	28	SGH032XCYA	76128	\N	0	9628	\N	\N	\N	\N	483	1	DCKT	23	N
484	52	28	CN702800G7	74261	\N	0	9629	\N	\N	\N	\N	484	1	DCKT	23	N
485	61	28	CN702007Z1	77781	\N	0	9630	\N	\N	\N	\N	485	1	DCKT	23	N
486	61	28	CN702007YY	77782	\N	0	9631	\N	\N	\N	\N	486	1	DCKT	23	N
487	61	28	CN702007Z2	77783	\N	0	12837	\N	\N	\N	\N	487	1	DCKT	23	N
488	1	48	QSFX90600478	없음	\N	0	9683	\N	\N	\N	\N	488	1	DCKT	\N	N
489	1	48	QSFZ91300013	없음	\N	0	10908	\N	\N	\N	\N	489	1	DCKT	\N	N
490	1	48	QSFX91200036	자산번호없음	\N	0	9686	\N	\N	\N	\N	490	1	DCKT	\N	N
491	1	49	QSFX80801646		\N	0	9666	\N	\N	\N	\N	491	1	DCKT	\N	N
492	1	49	QSFX80801570		\N	0	9672	\N	\N	\N	\N	492	1	DCKT	\N	N
493	1	21	TWT54001AH	X	\N	0	3935	\N	\N	\N	\N	493	1	DCKT	\N	N
494	1	21	TWT613016B	X	\N	0	4026	\N	\N	\N	\N	494	1	\N	\N	N
495	1	21	TWT60700HA	없음	\N	0	9118	\N	\N	\N	\N	495	1	DCKT	\N	N
496	1	21	TWT61800YU	X	\N	0	4027	\N	\N	\N	\N	496	1	\N	\N	N
497	1	24			\N	2507	497	\N	\N	\N	\N	497	1	\N	\N	N
498	61	28	CN704205RQ	77770	\N	0	9512	\N	\N	\N	\N	498	1	DCKT	23	N
499	61	28	CN704205RZ	77779	\N	0	19121	\N	\N	\N	\N	499	1	DCKT	23	N
500	61	28	CN7044011X	77780	\N	0	16959	\N	\N	\N	\N	500	1	DCKT	23	N
501	61	28	CN704209Z4	77771	\N	0	9164	\N	\N	\N	\N	501	1	DCKT	23	N
502	61	28	CN70460JGT	77777	\N	0	9171	\N	\N	\N	\N	502	1	DCKT	23	N
503	61	28	CN704205RW	77778	\N	0	9172	\N	\N	\N	\N	503	1	DCKT	23	N
504	61	28	CN70440120	77766	\N	0	9542	\N	\N	\N	\N	504	1	DCKT	23	N
505	61	28	CN704205RX	77767	\N	0	9511	\N	\N	\N	\N	505	1	DCKT	23	N
506	61	28	CN704205RC	77768	\N	0	9504	\N	\N	\N	\N	506	1	DCKT	23	N
507	61	28	CN704205RF	77765	\N	0	15695	\N	\N	\N	\N	507	1	DCKT	23	N
508	61	28	CN704205RK	77776	\N	0	9588	\N	\N	\N	\N	508	1	DCKT	23	N
509	61	28	CN704205RN	77772	\N	0	9587	\N	\N	\N	\N	509	1	DCKT	23	N
510	61	28	CN704209Z5	77773	\N	0	11163	\N	\N	\N	\N	510	1	DCKT	23	N
511	61	28	CN704205RT	77775	\N	0	9126	\N	\N	\N	\N	511	1	DCKT	23	N
512	61	28	CN704205RL	77775	\N	0	17095	\N	\N	\N	\N	512	1	DCKT	23	N
513	1	18	CN69070DHG	74406	\N	0	9912	\N	\N	\N	\N	513	1	DCKT	\N	N
514	63	28	CN704604NF	78099	\N	0	9184	\N	\N	\N	\N	514	1	DCKT	23	N
515	63	28	CN704604NB	78100	\N	0	9185	\N	\N	\N	\N	515	1	DCKT	23	N
516	63	28	CN704604KQ	78101	\N	0	18356	\N	\N	\N	\N	516	1	DCNXK	23	N
517	63	28	CN704604HZ	78102	\N	0	9186	\N	\N	\N	\N	517	1	DCKT	23	N
518	1	22	CN772702Z6	60943	\N	0	7861	\N	\N	\N	\N	518	1	DCKT	78	N
519	1	22	CN772702YY	64434	\N	0	519	\N	\N	\N	\N	519	1	DCKT	78	N
520	1	22	CN772702YV	64429	\N	0	8196	\N	\N	\N	\N	520	1	DCKT	78	N
521	1	22	CN7727031D	64395	\N	0	8501	\N	\N	\N	\N	521	1	DCKT	78	N
522	1	22	CN774200XE	64388	\N	0	8471	\N	\N	\N	\N	522	1	DCKT	78	N
523	1	22	CN772702YW	60945	\N	0	7862	\N	\N	\N	\N	523	1	DCKT	78	N
524	1	22	CN774000A1	64446	\N	0	14119	\N	\N	\N	\N	524	1	DCKT	78	N
525	1	22	CN7731011S	64390	\N	0	8197	\N	\N	\N	\N	525	1	DCKT	78	N
526	1	22	CN7727031G	64391	\N	19775	8460	\N	\N	\N	\N	526	1	DCKT	78	N
527	1	22	CN772702Z0	64392	\N	0	8198	\N	\N	\N	\N	527	1	DCKT	78	N
528	16	22	CN7828A36D	67489	\N	0	12713	\N	\N	\N	\N	528	1	DCKT	78	N
529	16	22	CN7828A367	67488	\N	0	12714	\N	\N	\N	\N	529	1	DCKT	78	N
530	21	22	CN7834A22L	67920	\N	0	12700	\N	\N	\N	\N	530	1	DCKT	78	N
531	16	22	CN7827A298	64791	\N	0	12705	\N	\N	\N	\N	531	1	DCKT	78	N
532	16	22	CN7828A36B	67490	\N	0	12748	\N	\N	\N	\N	532	1	DCKT	78	N
533	16	22	CN7827A28C	67487	\N	0	12744	\N	\N	\N	\N	533	1	DCKT	78	N
534	16	22	CN7827A28U	67486	\N	0	12745	\N	\N	\N	\N	534	1	DCKT	78	N
535	1	31	SGH542X0LX		\N	11666	2412	\N	\N	\N	\N	535	1	\N	\N	N
536	1	11	6CJM81S	54531	\N	0	12729	\N	\N	\N	\N	536	1	DCKT	\N	N
537	1	7			\N	11666	537	\N	\N	\N	\N	537	1	\N	\N	N
538	1	5			\N	11666	538	\N	\N	\N	\N	538	1	\N	\N	N
539	21	22	CN7834A23F	671917	\N	0	12699	\N	\N	\N	\N	539	1	DCKT	78	N
540	21	22	CN7834A230	67918	\N	0	14807	\N	\N	\N	\N	540	1	DCKT	78	N
541	1	7			\N	11666	541	\N	\N	\N	\N	541	1	\N	\N	N
542	1	11	8PY391S	없음	\N	11666	8546	\N	\N	\N	\N	542	1	DCKT	\N	N
543	1	6		확인후 입력	\N	11666	543	\N	\N	\N	\N	543	1	DCKT	\N	N
544	1	21	TWT538011X	x	\N	0	3936	\N	\N	\N	\N	544	1	DCKT	\N	N
545	1	21	TWT613000N	X	\N	0	3937	\N	\N	\N	\N	545	1	DCKT	\N	N
546	1	21	TWT538011N	X	\N	0	3938	\N	\N	\N	\N	546	1	DCKT	\N	N
547	1	21	CN7639031Z	6923	\N	0	12687	\N	\N	\N	\N	547	1	DCKT	\N	N
548	1	21	CN764000J0	6925	\N	0	12688	\N	\N	\N	\N	548	1	DCKT	\N	N
549	1	21	CN76390353	6919	\N	0	12730	\N	\N	\N	\N	549	1	DCKT	\N	N
550	1	21	CN76390301	6926	\N	0	12731	\N	\N	\N	\N	550	1	DCKT	\N	N
551	1	24	CN700301SX	78080	\N	0	12717	\N	\N	\N	\N	551	1	DCKT	95	N
552	1	24	CN700301TD	78123	\N	0	12718	\N	\N	\N	\N	552	1	DCKT	95	N
553	1	24	CN700301RC	78072	\N	0	12720	\N	\N	\N	\N	553	1	DCKT	95	N
554	1	24	CN700301R2	78073	\N	0	12721	\N	\N	\N	\N	554	1	DCKT	95	N
555	1	24	CN700301V3	78074	\N	0	12682	\N	\N	\N	\N	555	1	DCKT	95	N
556	1	24	CN700301T5	78075	\N	0	12683	\N	\N	\N	\N	556	1	DCKT	95	N
557	1	24	CN700301U7	78076	\N	0	12701	\N	\N	\N	\N	557	1	DCKT	95	N
558	1	24	CN700301S6	78078	\N	0	12702	\N	\N	\N	\N	558	1	DCKT	95	N
559	1	24	CN700301PW	78077	\N	0	12703	\N	\N	\N	\N	559	1	DCKT	95	N
560	1	24	CN700301R4	78079	\N	0	12719	\N	\N	\N	\N	560	1	DCKT	95	N
561	1	22	CN770301YJ	8035	\N	0	12727	\N	\N	\N	\N	561	1	DCKT	78	N
562	1	22	CN770500KZ	8034	\N	0	12728	\N	\N	\N	\N	562	1	DCKT	78	N
563	1	22	CN77050120	8033	\N	0	12707	\N	\N	\N	\N	563	1	\N	78	N
564	1	22	CN770500MN	8032	\N	0	564	\N	\N	\N	\N	564	1	\N	78	N
565	1	22	CN770500MK	8031	\N	0	12715	\N	\N	\N	\N	565	1	DCKT	78	N
566	1	22	CN770500MX	8030	\N	0	12684	\N	\N	\N	\N	566	1	DCKT	78	N
567	1	22	CN7705005X	8029	\N	0	12704	\N	\N	\N	\N	567	1	DCKT	78	N
568	1	22	CN770500L0	8028	\N	0	12685	\N	\N	\N	\N	568	1	DCKT	78	N
569	1	22	CN770500MU	8027	\N	0	12724	\N	\N	\N	\N	569	1	DCKT	78	N
570	1	22	CN7706027K	8026	\N	0	12716	\N	\N	\N	\N	570	1	DCKT	78	N
571	21	22	CN770500MM	5742	\N	0	12725	\N	\N	\N	\N	571	1	DCKT	78	N
572	21	22	CN7834A22S	67919	\N	0	12761	\N	\N	\N	\N	572	1	DCKT	78	N
573	21	22	CN7834A234	67921	\N	0	12697	\N	\N	\N	\N	573	1	DCKT	78	N
574	1	21	TWT60700KB	확인필요	\N	0	13014	\N	\N	\N	\N	574	1	DCKT	\N	N
575	1	21	CN76390367	6912	\N	0	12708	\N	\N	\N	\N	575	1	DCKT	\N	N
576	1	21	CN7639034C	6913	\N	0	12712	\N	\N	\N	\N	576	1	DCKT	\N	N
577	1	21	CN7639035X	6914	\N	0	12680	\N	\N	\N	\N	577	1	DCKT	\N	N
578	1	21	TWT53800P3	X	\N	0	3939	\N	\N	\N	\N	578	1	DCKT	\N	N
579	1	21	TWT618004L	X	\N	0	3940	\N	\N	\N	\N	579	1	DCKT	\N	N
580	1	21	CN763902ZK	6920	\N	0	12698	\N	\N	\N	\N	580	1	DCKT	\N	N
581	1	21	CN7639032Y		\N	0	581	\N	\N	\N	\N	581	1	DCKT	\N	N
582	1	21	CN7639031K	6922	\N	0	12747	\N	\N	\N	\N	582	1	DCKT	\N	N
583	11	22	CN7816A2A4	66606	\N	0	14129	\N	\N	\N	\N	583	1	DCKT	78	N
584	7	22	CN7811A1D9	65952	\N	0	13394	\N	\N	\N	\N	584	1	DCKT	78	N
585	9	22	CN7811A1CT	66089	\N	0	585	\N	\N	\N	\N	585	1	DCKT	78	N
586	21	22	CN7834A23B	67923	\N	0	11115	\N	\N	\N	\N	586	1	DCKT	78	N
587	21	22	CN7834A236	67922	\N	0	11114	\N	\N	\N	\N	587	1	DCKT	78	N
588	21	22	CN7834A238	67924	\N	0	11113	\N	\N	\N	\N	588	1	DCKT	78	N
589	16	22	CN7827A2AB	67492	\N	0	12498	\N	\N	\N	\N	589	1	DCKT	78	N
590	16	22	CN7827A28X	67493	\N	0	13391	\N	\N	\N	\N	590	1	DCNXK	78	N
591	16	22	CN7827A27B	67495	\N	0	11961	\N	\N	\N	\N	591	1	DCKT	78	N
592	16	22	CN7827A297	67496	\N	0	14253	\N	\N	\N	\N	592	1	DCKT	78	N
593	16	22	CN7827A272	67494	\N	0	13234	\N	\N	\N	\N	593	1	DCKT	78	N
594	24	32	SGH834Y3N4	68378	\N	0	11681	\N	\N	\N	\N	594	1	DCNXK	79	N
595	1	45	99GK713	55639	\N	11666	595	\N	\N	\N	\N	595	1	\N	\N	N
596	1	45		55632	\N	0	596	\N	\N	\N	\N	596	1	\N	\N	N
597	1	24	CN700201BZ	78060	\N	0	14150	\N	\N	\N	\N	597	1	DCKT	95	N
598	1	22	CN774200P2	64432	\N	0	12935	\N	\N	\N	\N	598	1	\N	78	N
599	1	22	CN764401ZJ	21999	\N	0	12952	\N	\N	\N	\N	599	1	\N	78	N
600	13	22	CN7831A324	67303	\N	0	12898	\N	\N	\N	\N	600	1	\N	78	N
601	1	21	TWT538011J	X	\N	0	3941	\N	\N	\N	\N	601	1	DCKT	\N	N
602	1	21	TWT53701JY	확인필요	\N	0	13012	\N	\N	\N	\N	602	1	\N	\N	N
603	1	21	CN763701DY	확인필요	\N	0	13047	\N	\N	\N	\N	603	1	\N	\N	N
604	1	21	TWT511012D	5596	\N	0	4200	\N	\N	\N	\N	604	1	\N	\N	N
605	1	21	TWT51101GH	5629	\N	0	7446	\N	\N	\N	\N	605	1	\N	\N	N
606	1	21	TWT51101CX	5611	\N	0	4201	\N	\N	\N	\N	606	1	\N	\N	N
607	1	21	TWT51101BK	5705	\N	0	4205	\N	\N	\N	\N	607	1	DCKT	\N	N
608	1	21	TWT51101L4	5706	\N	0	8439	\N	\N	\N	\N	608	1	DCKT	\N	N
609	1	6			\N	11666	609	\N	\N	\N	\N	609	1	\N	\N	N
610	39	24	CN7951015M	73113	\N	0	12861	\N	\N	\N	\N	610	1	\N	95	N
611	1	22	CN77270032	21983	\N	0	12963	\N	\N	\N	\N	611	1	\N	78	N
612	13	22	CN7827A26W	67302	\N	0	12899	\N	\N	\N	\N	612	1	\N	78	N
613	1	21	CN7637051M	X	\N	0	3942	\N	\N	\N	\N	613	1	DCKT	\N	N
614	1	21	CN76370442	X	\N	0	4402	\N	\N	\N	\N	614	1	DCKT	\N	N
615	1	21	TWT51101AE	55811	\N	0	8975	\N	\N	\N	\N	615	1	DCKT	\N	N
616	1	21	TWT51101AG		\N	11666	9077	\N	\N	\N	\N	616	1	\N	\N	N
617	1	21	TWT51101C8		\N	0	9005	\N	\N	\N	\N	617	1	\N	\N	N
618	1	21	TWT52201JT		\N	11666	9078	\N	\N	\N	\N	618	1	\N	\N	N
619	1	21	CN763704ZR	6887	\N	0	7919	\N	\N	\N	\N	619	1	DCKT	\N	N
620	1	6			\N	11666	620	\N	\N	\N	\N	620	1	\N	\N	N
621	1	22	CN7727005C	64527	\N	0	12930	\N	\N	\N	\N	621	1	\N	78	N
622	11	22	CN7818A1PL		\N	0	622	\N	\N	\N	\N	622	1	\N	78	N
623	11	22	CN7818A3A2	66602	\N	0	3924	\N	\N	\N	\N	623	1	DCKT	78	N
624	1	31	SGH542X173	5683	\N	0	13017	\N	\N	\N	\N	624	1	DCKT	\N	N
625	1	21	TWT52500DA		\N	0	625	\N	\N	\N	\N	625	1	\N	\N	N
626	1	31	SGH612X1F2	5692	\N	0	12983	\N	\N	\N	\N	626	1	DCKT	\N	N
627	1	11	5NHM81S	확인필요	\N	0	13016	\N	\N	\N	\N	627	1	\N	\N	N
628	1	31	SGH521X036	5700	\N	0	13048	\N	\N	\N	\N	628	1	DCKT	\N	N
629	1	31	SGH514X065	5695	\N	0	12982	\N	\N	\N	\N	629	1	\N	\N	N
630	46	24	CN793205MM	72422	\N	0	12878	\N	\N	\N	\N	630	1	DCKT	95	N
631	1	22	CN774401XC	64526	\N	0	12624	\N	\N	\N	\N	631	1	DCKT	78	N
632	1	22	CN774401XJ	64525	\N	0	12931	\N	\N	\N	\N	632	1	DCKT	78	N
633	13	22	CN7827A2AD	67300	\N	0	12901	\N	\N	\N	\N	633	1	DCKT	78	N
634	1	21	TWT54001AN	4619	\N	0	12984	\N	\N	\N	\N	634	1	\N	\N	N
635	1	5		확인필요	\N	0	12986	\N	\N	\N	\N	635	1	\N	\N	N
636	1	21	CN76390312	6884	\N	0	7923	\N	\N	\N	\N	636	1	DCKT	\N	N
637	1	6			\N	11666	637	\N	\N	\N	\N	637	1	\N	\N	N
638	1	21	CN7639039V	확인필요	\N	0	13024	\N	\N	\N	\N	638	1	DCKT	\N	N
639	1	21	CN7637043Y	7505	\N	0	13013	\N	\N	\N	\N	639	1	DCKT	\N	N
640	1	31	SGH551X2SC		\N	0	640	\N	\N	\N	\N	640	1	\N	\N	N
641	1	31	SGH542X17W		\N	0	641	\N	\N	\N	\N	641	1	DCKT	\N	N
642	1	31	SGH607X2D3		\N	0	642	\N	\N	\N	\N	642	1	\N	\N	N
643	1	31	SGH514X096	5694	\N	0	643	\N	\N	\N	\N	643	1	\N	\N	N
644	1	22	CN774601YV	64762	\N	0	9942	\N	\N	\N	\N	644	1	DCKT	78	N
645	1	22	CN774401XB	64749	\N	0	13776	\N	\N	\N	\N	645	1	DCGH	78	N
646	1	22	CN774401WN	64750	\N	0	14126	\N	\N	\N	\N	646	1	DCKT	78	N
647	1	22	CN774401W0	64751	\N	0	14285	\N	\N	\N	\N	647	1	DCKT	78	N
648	1	22	CN774201TJ	64752	\N	0	14284	\N	\N	\N	\N	648	1	DCKT	78	N
649	1	22	CN774401WM	64753	\N	0	14286	\N	\N	\N	\N	649	1	DCKT	78	N
650	1	22	CN774401WB	64754	\N	0	10216	\N	\N	\N	\N	650	1	DCKT	78	N
651	1	22	CN774701HA	64755	\N	0	14125	\N	\N	\N	\N	651	1	DCKT	78	N
652	1	22	CN774401VL	64745	\N	0	12706	\N	\N	\N	\N	652	1	\N	78	N
653	1	22	CN774401VJ	64742	\N	0	12726	\N	\N	\N	\N	653	1	DCKT	78	N
654	1	22	CN772301C6	64766	\N	0	8382	\N	\N	\N	\N	654	1	DCKT	78	N
655	12	22	CN7823A0YA	66805	\N	0	14844	\N	\N	\N	\N	655	1	DCKT	78	N
656	12	22	CN7823A0Y6	66806	\N	0	3824	\N	\N	\N	\N	656	1	DCKT	78	N
657	12	22	CN7823A0WE	66807	\N	0	3825	\N	\N	\N	\N	657	1	DCKT	78	N
658	12	22	CN7823A0XX	66808	\N	0	3826	\N	\N	\N	\N	658	1	DCKT	78	N
659	12	22	CN7815A3Vk	66809	\N	0	8604	\N	\N	\N	\N	659	1	DCKT	78	N
660	12	22	CN7823A0WM	66810	\N	0	660	\N	\N	\N	\N	660	1	\N	78	N
661	12	22	CN7823A0YB	66811	\N	0	12923	\N	\N	\N	\N	661	1	\N	78	N
662	12	22	CN7823A0WZ	66812	\N	0	12922	\N	\N	\N	\N	662	1	\N	78	N
663	12	22	CN7816A2AF	66813	\N	0	8308	\N	\N	\N	\N	663	1	DCKT	78	N
664	12	22	CN7823A0XZ	66814	\N	0	4369	\N	\N	\N	\N	664	1	DCKT	78	N
665	1	6			\N	11666	665	\N	\N	\N	\N	665	1	\N	\N	N
666	1	22	CN7727002G	21986	\N	0	12734	\N	\N	\N	\N	666	1	DCKT	78	N
667	1	22	CN7842A13K	68019	\N	0	14200	\N	\N	\N	\N	667	1	DCKT	78	N
668	1	22	CN7842A13G	68022	\N	0	8657	\N	\N	\N	\N	668	1	DCKT	78	N
669	1	22	CN7842A147	68020	\N	0	12888	\N	\N	\N	\N	669	1	DCKT	78	N
670	1	22	CN7842A148	68369	\N	0	7817	\N	\N	\N	\N	670	1	DCKT	78	N
671	1	22	CN7842A0W4	68368	\N	0	14236	\N	\N	\N	\N	671	1	DCKT	78	N
672	1	22	CN7842A13F	68370	\N	0	7815	\N	\N	\N	\N	672	1	DCKT	78	N
673	1	22	CN7842A15J	68372	\N	0	12677	\N	\N	\N	\N	673	1	DCKT	78	N
674	1	22	CN7842A15N	68018	\N	0	12669	\N	\N	\N	\N	674	1	DCKT	78	N
675	1	22	CN774401VA	64744	\N	0	14049	\N	\N	\N	\N	675	1	DCKT	78	N
676	12	22	CN7823A0WD	66815	\N	0	4233	\N	\N	\N	\N	676	1	DCKT	78	N
677	12	22	CN7823A0VX	66816	\N	0	12497	\N	\N	\N	\N	677	1	DCKT	78	N
678	12	22	CN7823A0XY	66817	\N	0	4368	\N	\N	\N	\N	678	1	DCKT	78	N
679	12	22	CN7816A2HT	66818	\N	0	4367	\N	\N	\N	\N	679	1	\N	78	N
680	12	22	CN7823A0YC	66819	\N	0	12921	\N	\N	\N	\N	680	1	\N	78	N
681	12	22	CN7823A0VY	66820	\N	0	12920	\N	\N	\N	\N	681	1	DCKT	78	N
682	12	22	CN7816A2B2	66822	\N	0	8349	\N	\N	\N	\N	682	1	DCKT	78	N
683	12	22	CN7823A0X4	66823	\N	0	14268	\N	\N	\N	\N	683	1	DCKT	78	N
684	12	22	CN77270026	60633	\N	0	7483	\N	\N	\N	\N	684	1	DCKT	78	N
685	1	11			\N	11666	685	\N	\N	\N	\N	685	1	\N	\N	N
686	1	21	CN762100N3	X	\N	0	3943	\N	\N	\N	\N	686	1	DCKT	\N	N
687	1	22	CN771702YW	21839	\N	0	687	\N	\N	\N	\N	687	1	DCKT	78	N
688	1	22	CN765101NC	64424	\N	0	688	\N	\N	\N	\N	688	1	DCKT	78	N
689	1	21	TWT54001BD	없음	\N	0	689	\N	\N	\N	\N	689	1	DCKT	\N	N
690	1	10	DFQ871S		\N	11666	690	\N	\N	\N	\N	690	1	\N	\N	N
691	1	21	TWT52500B7	없음	\N	0	691	\N	\N	\N	\N	691	1	DCKT	\N	N
692	1	10	7Q9D61S		\N	11666	692	\N	\N	\N	\N	692	1	\N	\N	N
693	1	6			\N	0	693	\N	\N	\N	\N	693	1	\N	\N	N
699	17	22	CN7828A36C	67585	\N	0	699	\N	\N	\N	\N	699	1	DCKT	78	N
700	1	21	TWT52500DP		\N	0	700	\N	\N	\N	\N	700	1	\N	\N	N
701	1	21	TWT5380122	5616	\N	0	701	\N	\N	\N	\N	701	1	DCKT	\N	N
702	1	21	CN76370448	없음	\N	0	702	\N	\N	\N	\N	702	1	DCKT	\N	N
703	1	21	CN763704ZC	없음	\N	0	703	\N	\N	\N	\N	703	1	DCKT	\N	N
704	1	21	CN7637044D	없음	\N	0	704	\N	\N	\N	\N	704	1	DCKT	\N	N
705	1	21	TWT52201KY	없음	\N	0	705	\N	\N	\N	\N	705	1	DCKT	\N	N
706	1	31	SGH515X1T4	없음	\N	0	706	\N	\N	\N	\N	706	1	DCKT	\N	N
707	53	28	CN7029008H	74287	\N	0	707	\N	\N	\N	\N	707	1	DCKT	23	N
708	53	28	CN70290091	74284	\N	0	708	\N	\N	\N	\N	708	1	DCKT	23	N
709	51	28	CN70190383	74050	\N	0	19835	\N	\N	\N	\N	709	1	DCKT	23	N
710	53	28	CN7029008X	74283	\N	0	710	\N	\N	\N	\N	710	1	DCKT	23	N
711	53	28	CN7029009B	74282	\N	0	19836	\N	\N	\N	\N	711	1	DCKT	23	N
712	21	32	SGH838038J	67915	\N	0	15996	\N	\N	\N	\N	712	1	DCKT	79	N
713	1	21	TWT54001AM	5721	\N	0	12313	\N	\N	\N	\N	713	1	DCKT	\N	N
714	50	24	CN7023072X	73921	\N	0	18593	\N	\N	\N	\N	714	1	DCKT	95	N
715	50	24	CN7023073M	73922	\N	0	18592	\N	\N	\N	\N	715	1	DCKT	95	N
716	50	24	CN7023073N	73919	\N	0	716	\N	\N	\N	\N	716	1	DCKT	95	N
717	53	28	CN70290DP2	74286	\N	0	717	\N	\N	\N	\N	717	1	DCKT	23	N
718	42	35	SGH009XAAAC	73536	\N	0	718	\N	\N	\N	\N	718	1	DCKT	93	N
719	42	35	SGH009XAAD	73537	\N	0	719	\N	\N	\N	\N	719	1	DCKT	93	N
720	42	35	SGH007XTNP	73538	\N	0	720	\N	\N	\N	\N	720	1	DCKT	93	N
721	42	35	SGH009XAAB	73539	\N	0	721	\N	\N	\N	\N	721	1	DCKT	93	N
722	1	21	TWT52201L6	없음	\N	0	722	\N	\N	\N	\N	722	1	DCKT	\N	N
723	1	21	TWT52201PY	없음	\N	0	723	\N	\N	\N	\N	723	1	DCKT	\N	N
724	1	21	TWT52201L1	없음	\N	0	724	\N	\N	\N	\N	724	1	DCKT	\N	N
725	1	21	TWT52201LZ		\N	0	725	\N	\N	\N	\N	725	1	DCKT	\N	N
726	1	21	TWT52500BX		\N	0	726	\N	\N	\N	\N	726	1	\N	\N	N
727	1	21	TWT52500BH		\N	0	727	\N	\N	\N	\N	727	1	\N	\N	N
728	1	21	TWT52500C2		\N	0	728	\N	\N	\N	\N	728	1	\N	\N	N
729	1	5			\N	11666	729	\N	\N	\N	\N	729	1	\N	\N	N
730	1	6			\N	11666	730	\N	\N	\N	\N	730	1	\N	\N	N
731	50	24	CN7023070W	73908	\N	0	18591	\N	\N	\N	\N	731	1	DCKT	95	N
732	50	24	CN70230722	73909	\N	0	13307	\N	\N	\N	\N	732	1	DCKT	95	N
733	50	24	CN7023073T	73910	\N	0	733	\N	\N	\N	\N	733	1	DCKT	95	N
734	50	24	CN7023071M	73911	\N	0	734	NX16817	9999	고한조	테스트	734	1	DCKT	95	N
735	50	24	CN70230731	73912	\N	0	735	\N	\N	\N	\N	735	1	DCKT	95	N
736	50	24	CN70230728	73913	\N	0	736	\N	\N	\N	\N	736	1	DCKT	95	N
737	50	24	CN7023071S	73914	\N	0	14011	\N	\N	\N	\N	737	1	DCKT	95	N
738	50	24	CN7023073S	73915	\N	0	14010	\N	\N	\N	\N	738	1	DCKT	95	N
739	50	24	CN70230737	73916	\N	0	17057	\N	\N	\N	\N	739	1	DCKT	95	N
740	50	24	CN7023073L	73917	\N	0	17065	\N	\N	\N	\N	740	1	DCNXK	95	N
741	50	24	CN7023071W	73918	\N	0	741	\N	\N	\N	\N	741	1	DCKT	95	N
742	1	32	SGH742ARJM	64781	\N	0	18262	\N	\N	\N	\N	742	1	DCNNJ	79	N
743	1	31			\N	0	743	\N	\N	\N	\N	743	1	\N	\N	N
744	1	31	SGH542X17T		\N	0	7443	\N	\N	\N	\N	744	1	\N	\N	N
745	1	31	SGH551X2SM		\N	0	4547	\N	\N	\N	\N	745	1	DCCOK	\N	N
746	1	31	SGH618X3L9		\N	11666	746	\N	\N	\N	\N	746	1	\N	\N	N
747	1	31	SGH546X1W8	없음	\N	0	11148	\N	\N	\N	\N	747	1	DCKT	\N	N
748	1	31	SGH618X3LF		\N	0	748	\N	\N	\N	\N	748	1	\N	\N	N
749	1	31	SGH528X0YL		\N	0	749	\N	\N	\N	\N	749	1	\N	\N	N
750	1	31	SGH551X2SM		\N	0	750	\N	\N	\N	\N	750	1	\N	\N	N
751	1	32	SGH742ARK4	67430	\N	0	751	\N	\N	\N	\N	751	1	\N	79	N
752	1	31	SGH607X2DX		\N	0	752	\N	\N	\N	\N	752	1	\N	\N	N
753	1	31	SGH528X0YV		\N	0	753	\N	\N	\N	\N	753	1	\N	\N	N
754	1	31	SGH607X2DR		\N	0	754	\N	\N	\N	\N	754	1	\N	\N	N
755	1	31	SGH514X097	55856	\N	0	755	\N	\N	\N	\N	755	1	\N	\N	N
756	1	31	SGH551X2SP		\N	11666	756	\N	\N	\N	\N	756	1	\N	\N	N
757	1	31	SGH551X2SD		\N	11666	757	\N	\N	\N	\N	757	1	\N	\N	N
758	1	31	SGH607X2DN		\N	11666	758	\N	\N	\N	\N	758	1	\N	\N	N
759	1	31	SGH521X2D4		\N	11666	759	\N	\N	\N	\N	759	1	\N	\N	N
760	1	31	SGH642XBL5	확인필요	\N	0	17845	\N	\N	\N	\N	760	1	DCNXK	\N	N
761	1	31	SGH528X0Y6	X	\N	0	4542	\N	\N	\N	\N	761	1	DCKT	\N	N
762	1	31	SGH612X1FC	6406	\N	0	17844	\N	\N	\N	\N	762	1	DCNXK	\N	N
763	1	22	CN771103HR	8223	\N	0	11628	\N	\N	\N	\N	763	1	DCKT	78	N
764	1	22	CN77050121	8024	\N	0	14160	\N	\N	\N	\N	764	1	DCKT	78	N
765	1	22	CN7751A41E	64760	\N	0	9943	\N	\N	\N	\N	765	1	DCKT	78	N
766	1	22	CN770301E8	8023	\N	0	9081	\N	\N	\N	\N	766	1	DCKT	78	N
767	1	22	CN7723005T	64770	\N	0	10248	\N	\N	\N	\N	767	1	DCKT	78	N
768	1	21	TWT613016S		\N	0	9024	\N	\N	\N	\N	768	1	DCKT	\N	N
769	1	21	CN763601Z9	없음	\N	0	12319	\N	\N	\N	\N	769	1	DCKT	\N	N
770	1	21	TWT54001BG	X	\N	0	3944	\N	\N	\N	\N	770	1	DCKT	\N	N
771	1	2			\N	11666	771	\N	\N	\N	\N	771	1	\N	\N	N
772	1	2			\N	11666	772	\N	\N	\N	\N	772	1	\N	\N	N
773	1	2			\N	11666	773	\N	\N	\N	\N	773	1	\N	\N	N
774	1	2			\N	11666	774	\N	\N	\N	\N	774	1	\N	\N	N
775	1	2			\N	11666	775	\N	\N	\N	\N	775	1	\N	\N	N
776	1	2			\N	11666	776	\N	\N	\N	\N	776	1	\N	\N	N
777	1	21	TWT53701JM	5625	\N	0	3623	\N	\N	\N	\N	777	1	\N	\N	N
778	1	2			\N	11666	778	\N	\N	\N	\N	778	1	\N	\N	N
779	1	2			\N	11666	779	\N	\N	\N	\N	779	1	\N	\N	N
780	1	2			\N	11666	780	\N	\N	\N	\N	780	1	\N	\N	N
781	1	2			\N	11666	781	\N	\N	\N	\N	781	1	\N	\N	N
782	1	2			\N	11666	782	\N	\N	\N	\N	782	1	\N	\N	N
783	1	2			\N	11666	783	\N	\N	\N	\N	783	1	\N	\N	N
784	1	2			\N	11666	784	\N	\N	\N	\N	784	1	\N	\N	N
785	1	22	CN770400ZF	8018	\N	0	14272	\N	\N	\N	\N	785	1	DCKT	78	N
786	1	22	CN770400ZE	8016	\N	0	14159	\N	\N	\N	\N	786	1	DCKT	78	N
787	1	22	CN770301DV	8022	\N	0	13311	\N	\N	\N	\N	787	1	DCKT	78	N
788	1	22	CN7727005E	60627	\N	0	8516	\N	\N	\N	\N	788	1	DCKT	78	N
789	1	22	CN774401W2	64422	\N	0	789	\N	\N	\N	\N	789	1	\N	78	N
790	1	22	CN7751A389	64777	\N	0	12487	\N	\N	\N	\N	790	1	DCKT	78	N
791	1	22	CN772300E1	64768	\N	0	3266	\N	\N	\N	\N	791	1	\N	78	N
792	1	22	CN7723005E	64776	\N	0	7678	\N	\N	\N	\N	792	1	DCKT	78	N
793	1	193	TWT53901ML		\N	0	2592	\N	\N	\N	\N	793	1	\N	\N	N
794	1	11			\N	11666	794	\N	\N	\N	\N	794	1	\N	\N	N
795	1	20			\N	11666	795	\N	\N	\N	\N	795	1	\N	\N	N
796	1	21	TWT52500B1	5807	\N	0	4033	\N	\N	\N	\N	796	1	DCKT	\N	N
797	1	21	CN763601YR	6451	\N	0	3968	\N	\N	\N	\N	797	1	DCKT	\N	N
798	1	21	TWT54200UH	5865	\N	0	3990	\N	\N	\N	\N	798	1	DCKT	\N	N
799	1	5			\N	11666	799	\N	\N	\N	\N	799	1	\N	\N	N
800	1	21	CN7639032C	6864	\N	0	3960	\N	\N	\N	\N	800	1	DCKT	\N	N
801	1	21	CN762100D0	X	\N	0	3961	\N	\N	\N	\N	801	1	\N	\N	N
802	1	21	TWT5380126		\N	11666	802	\N	\N	\N	\N	802	1	\N	\N	N
803	1	21	TWT54200UA	55846	\N	0	3337	\N	\N	\N	\N	803	1	DCKT	\N	N
804	1	21	TWT538016H	5872	\N	0	3984	\N	\N	\N	\N	804	1	DCKT	\N	N
805	1	11			\N	11666	805	\N	\N	\N	\N	805	1	\N	\N	N
806	1	21	TWT538016K	5871	\N	0	3985	\N	\N	\N	\N	806	1	DCKT	\N	N
807	1	32	SGH742ARJY	64463	\N	0	4165	\N	\N	\N	\N	807	1	DCKT	79	N
808	1	22	CN7727002B	60626	\N	0	7733	\N	\N	\N	\N	808	1	\N	78	N
809	1	22	CN774401XA	64758	\N	0	11887	\N	\N	\N	\N	809	1	DCKT	78	N
810	1	22	CN774601Z2	64761	\N	0	12198	\N	\N	\N	\N	810	1	DCKT	78	N
811	24	32	SGH841Y5E4	68379	\N	11666	11871	\N	\N	\N	\N	811	1	DCKT	\N	N
812	1	21	CN7637050R	6864	\N	0	812	\N	\N	\N	\N	812	1	\N	\N	N
813	1	21	TWT608004J	5599	\N	0	3969	\N	\N	\N	\N	813	1	DCKT	\N	N
814	1	21	TWT608029L	X	\N	0	3970	\N	\N	\N	\N	814	1	\N	\N	N
815	1	21	TWT60700GW	5597	\N	0	3971	\N	\N	\N	\N	815	1	DCKT	\N	N
816	1	21	TWT538011L	5870	\N	0	3986	\N	\N	\N	\N	816	1	DCKT	\N	N
817	1	21	TWT606030V	5598	\N	0	3972	\N	\N	\N	\N	817	1	DCKT	\N	N
818	1	21	TWT608004M	5601	\N	0	3973	\N	\N	\N	\N	818	1	DCKT	\N	N
819	1	21	TWT60700GT	5600	\N	0	3974	\N	\N	\N	\N	819	1	DCKT	\N	N
820	1	21	TWT608029J		\N	11666	820	\N	\N	\N	\N	820	1	\N	\N	N
821	1	21	TWT60602ZD	5602	\N	0	3975	\N	\N	\N	\N	821	1	DCKT	\N	N
822	1	21	TWT606030K	5604	\N	0	3976	\N	\N	\N	\N	822	1	DCKT	\N	N
823	1	21	TWT60700GJ	5603	\N	0	3977	\N	\N	\N	\N	823	1	DCKT	\N	N
824	1	21	TWT608029M	X	\N	0	3962	\N	\N	\N	\N	824	1	\N	\N	N
825	1	11			\N	11666	825	\N	\N	\N	\N	825	1	\N	\N	N
826	1	21	TWT606030L	X	\N	0	3963	\N	\N	\N	\N	826	1	DCKT	\N	N
827	1	22	CN77350305	64429	\N	0	11863	\N	\N	\N	\N	827	1	DCKT	78	N
828	8	32	SGH812FTDF	66014	\N	0	828	\N	\N	\N	\N	828	1	DCKT	79	N
829	8	32	SGH749CN42	66012	\N	0	829	\N	\N	\N	\N	829	1	DCKT	79	N
830	9	32	SGH814H8P1	66091	\N	0	10243	\N	\N	\N	\N	830	1	DCKT	79	N
831	40	24	CN7002034L	73256	\N	0	15829	\N	\N	\N	\N	831	1	DCKT	95	N
832	40	24	CN7002034F	73257	\N	0	13404	\N	\N	\N	\N	832	1	DCKT	95	N
833	40	24	CN700201DK	73258	\N	0	14489	\N	\N	\N	\N	833	1	DCKT	95	N
834	40	24	CN7002034K	73259	\N	11323	2431	\N	\N	\N	\N	834	1	\N	\N	N
835	40	24	CN700201CK	73260	\N	0	11806	\N	\N	\N	\N	835	1	DCKT	95	N
836	29	24	CN793205NA	72411	\N	0	15154	\N	\N	\N	\N	836	1	DCKT	95	N
837	29	24	CN795000A6	72991	\N	0	11929	\N	\N	\N	\N	837	1	DCKT	95	N
838	29	24	CN793205NT	72409	\N	0	15384	\N	\N	\N	\N	838	1	DCKT	95	N
839	40	24	CN70020343	73261	\N	0	18589	\N	\N	\N	\N	839	1	DCKT	95	N
840	40	24	CN70020357	73262	\N	0	15247	\N	\N	\N	\N	840	1	DCNXK	95	N
841	40	24	CN70020358	73263	\N	0	14679	\N	\N	\N	\N	841	1	DCKT	95	N
842	40	24	CN700208XX	73264	\N	0	15155	\N	\N	\N	\N	842	1	DCKT	95	N
843	40	24	CN700201DX	73265	\N	0	11934	\N	\N	\N	\N	843	1	DCKT	95	N
844	40	24	CN70020349	73266	\N	0	14488	\N	\N	\N	\N	844	1	DCKT	95	N
845	40	24	CN7002034E	73267	\N	11323	845	\N	\N	\N	\N	845	1	\N	\N	N
846	40	24	CN70020341	73268	\N	0	14718	\N	\N	\N	\N	846	1	DCKT	95	N
847	40	24	CN7002034J	73269	\N	0	16338	\N	\N	\N	\N	847	1	DCKT	95	N
848	40	24	CN7002034N	73270	\N	0	11640	\N	\N	\N	\N	848	1	DCKT	95	N
849	29	24	CN793205MP	72399	\N	0	11721	\N	\N	\N	\N	849	1	DCKT	95	N
850	29	24	CN793205M8	72396	\N	0	14283	\N	\N	\N	\N	850	1	DCKT	95	N
851	40	24	CN700201DU	73271	\N	0	11718	\N	\N	\N	\N	851	1	DCKT	95	N
852	29	24	CN793205ML	72404	\N	0	11717	\N	\N	\N	\N	852	1	DCKT	95	N
853	29	24	CN793205PA	72405	\N	0	14995	\N	\N	\N	\N	853	1	DCKT	95	N
854	29	24	CN793205M7	72406	\N	0	13523	\N	\N	\N	\N	854	1	DCKT	95	N
855	29	24	CN793205NJ	확인필요	\N	0	16967	\N	\N	\N	\N	855	1	DCNXK	95	N
856	29	24	CN793205M6	72398	\N	0	8366	\N	\N	\N	\N	856	1	\N	95	N
857	29	24	CN793205NK	72397	\N	0	12552	\N	\N	\N	\N	857	1	DCKT	95	N
858	40	24	CN700201C5	73272	\N	0	12859	\N	\N	\N	\N	858	1	DCKT	95	N
859	40	24	CN7002034G	73273	\N	0	14977	\N	\N	\N	\N	859	1	DCKT	95	N
860	40	24	CN70020356	73274	\N	0	12558	\N	\N	\N	\N	860	1	DCKT	95	N
861	40	24	CN7002034P	73275	\N	0	12858	\N	\N	\N	\N	861	1	DCKT	95	N
862	40	24	CN7002035K	73276	\N	0	12554	\N	\N	\N	\N	862	1	DCKT	95	N
863	40	24	CN700201CL	73277	\N	0	14677	\N	\N	\N	\N	863	1	DCKT	95	N
864	39	24	CN7951014A	73112	\N	0	12556	\N	\N	\N	\N	864	1	DCKT	95	N
865	39	24	CN7951014M	73111	\N	0	12863	\N	\N	\N	\N	865	1	\N	95	N
866	1	22	CN7731012P	64428	\N	0	11862	\N	\N	\N	\N	866	1	DCKT	78	N
867	9	22	CN7811A1CS	66090	\N	0	13256	\N	\N	\N	\N	867	1	DCKT	78	N
868	8	22	CN7811A107	66016	\N	0	13560	\N	\N	\N	\N	868	1	DCKT	78	N
869	8	22	CN7811A1D1	66017	\N	0	13257	\N	\N	\N	\N	869	1	DCKT	78	N
870	20	22	CN7837A2A0	67873	\N	0	13557	\N	\N	\N	\N	870	1	DCKT	78	N
871	40	24	CN7002034T	73278	\N	0	18588	\N	\N	\N	\N	871	1	DCKT	95	N
872	40	24	CN70020346	73279	\N	0	18587	\N	\N	\N	\N	872	1	DCKT	95	N
873	40	24	CN70020359	73280	\N	0	12550	\N	\N	\N	\N	873	1	DCKT	95	N
874	40	24	CN70020347	73281	\N	0	12560	\N	\N	\N	\N	874	1	DCKT	95	N
875	40	24	CN7002034M	73282	\N	0	12557	\N	\N	\N	\N	875	1	DCKT	95	N
876	40	24	CN70020352	73283	\N	0	11932	\N	\N	\N	\N	876	1	DCKT	95	N
877	40	24	CN700201CH	73284	\N	0	12504	\N	\N	\N	\N	877	1	DCKT	95	N
878	29	35	SGH9305E3A	72426	\N	0	878	\N	\N	\N	\N	878	1	DCKT	93	N
879	40	35	SGH002XE9L	73285	\N	0	15085	\N	\N	\N	\N	879	1	DCKT	93	N
880	24	22	CN7842A13H	68357	\N	0	11649	\N	\N	\N	\N	880	1	DCKT	78	N
881	1	6			\N	11666	881	\N	\N	\N	\N	881	1	\N	\N	N
882	1	24	CN700301TT	78106	\N	0	15153	\N	\N	\N	\N	882	1	DCKT	95	N
883	1	24	CN700702PH	78107	\N	0	15383	\N	\N	\N	\N	883	1	DCNXK	95	N
884	1	24	CN70110B8K	78108	\N	11323	11959	\N	\N	\N	\N	884	1	DCKT	\N	N
885	1	24	CN700301RJ	78109	\N	0	18582	\N	\N	\N	\N	885	1	DCKT	95	N
886	1	24	CN700301R6	78110	\N	0	14678	\N	\N	\N	\N	886	1	DCKT	95	N
887	1	24	CN701200B9	78111	\N	0	15382	\N	\N	\N	\N	887	1	DCNXK	95	N
888	29	35	SGH9305E39	72427	\N	0	14093	\N	\N	\N	\N	888	1	DCKT	93	N
889	40	35	SGH002XF6K	73286	\N	0	889	\N	\N	\N	\N	889	1	DCKT	93	N
890	40	35	SGH002XE9N	73287	\N	0	15050	\N	\N	\N	\N	890	1	DCKT	93	N
891	40	35	SGH002XE99	73288	\N	0	12267	\N	\N	\N	\N	891	1	DCKT	93	N
892	60	28	CN70400C3P	77713	\N	0	12838	\N	\N	\N	\N	892	1	DCKT	23	N
893	60	28	CN70400C34	77707	\N	0	16548	\N	\N	\N	\N	893	1	DCKT	23	N
894	60	28	CN70400C29	77708	\N	0	17495	\N	\N	\N	\N	894	1	DCKT	23	N
895	60	28	CN70400C33	77709	\N	0	15241	\N	\N	\N	\N	895	1	DCKT	\N	N
896	60	28	CN70400C2S	77710	\N	0	16549	\N	\N	\N	\N	896	1	DCKT	23	N
897	60	28	CN70400C45	77711	\N	0	18594	\N	\N	\N	\N	897	1	DCNNJ	23	N
898	60	36	SGH042XE62	77714	\N	0	13335	\N	\N	\N	\N	898	1	DCKT	38	N
899	60	36	SGH248H0S2	77715	\N	0	18752	\N	\N	\N	\N	899	1	DCKT	38	N
900	60	36	SGH042XE5Y	77716	\N	0	11560	\N	\N	\N	\N	900	1	DCKT	38	N
901	60	28	CN70400C26	77712	\N	0	13392	\N	\N	\N	\N	901	1	DCKT	23	N
902	1	22	CN773200NV	64401	\N	0	902	\N	\N	\N	\N	902	1	DCKT	78	N
903	1	22	CN772702ZE	64403	\N	0	903	\N	\N	\N	\N	903	1	DCKT	78	N
904	1	22	CN772702ZA	64404	\N	0	904	\N	\N	\N	\N	904	1	DCKT	78	N
905	1	22	CN772702ZB	60949	\N	0	15202	\N	\N	\N	\N	905	1	DCKT	78	N
906	1	22	CN77270319	60944	\N	0	906	\N	\N	\N	\N	906	1	DCKT	78	N
907	1	22	CN774200XG	64400	\N	0	15165	\N	\N	\N	\N	907	1	DCKT	78	N
908	1	32	SGH7123759	21859	\N	0	908	\N	\N	\N	\N	908	1	DCKT	79	N
909	1	22	CN772702ZK	60938	\N	0	909	\N	\N	\N	\N	909	1	DCKT	78	N
910	1	22	CN771103HN	21858	\N	0	910	\N	\N	\N	\N	910	1	DCKT	78	N
911	1	22	CN773701TS	64430	\N	0	13879	\N	\N	\N	\N	911	1	DCKT	78	N
912	1	22	CN7742001S	64383	\N	0	13880	\N	\N	\N	\N	912	1	DCKT	78	N
913	1	22	CN7740009V	64384	\N	0	913	\N	\N	\N	\N	913	1	DCKT	78	N
914	1	22	CN772702ZL	64385	\N	0	914	\N	\N	\N	\N	914	1	DCKT	78	N
915	1	22	CN7727031A	64386	\N	0	11483	\N	\N	\N	\N	915	1	DCKT	78	N
916	1	22	CN774200NT	64389	\N	0	14095	\N	\N	\N	\N	916	1	DCKT	78	N
917	1	22	CN771103J1	8221	\N	0	14101	\N	\N	\N	\N	917	1	DCKT	78	N
918	1	193	CN772702Z2	60948	\N	0	14103	\N	\N	\N	\N	918	1	DCKT	78	N
919	1	22	CN772803ET	60947	\N	0	14102	\N	\N	\N	\N	919	1	DCKT	78	N
920	1	22	CN772803EW	60946	\N	0	16460	\N	\N	\N	\N	920	1	DCKT	78	N
921	1	22	CN774200NY	64382	\N	0	921	\N	\N	\N	\N	921	1	DCKT	78	N
922	1	22	CN7731011L	64398	\N	0	922	\N	\N	\N	\N	922	1	DCKT	78	N
923	1	22	CN77270312	64399	\N	0	923	\N	\N	\N	\N	923	1	DCKT	78	N
924	1	21	TWT511019X	55827	\N	0	2415	\N	\N	\N	\N	924	1	DCKT	\N	N
925	1	21	TWT511017W	5823	\N	0	3913	\N	\N	\N	\N	925	1	DCKT	\N	N
926	1	193	TWT538011R	6475	\N	0	10688	\N	\N	\N	\N	926	1	DCKT	\N	N
927	1	193	TWT538016T	0000	\N	0	11086	\N	\N	\N	\N	927	1	DCKT	\N	N
928	1	193	TWT538011S		\N	0	2492	\N	\N	\N	\N	928	1	\N	\N	N
929	1	193	CN76390307	6889	\N	0	2493	\N	\N	\N	\N	929	1	\N	\N	N
930	1	193	TWT61100RT		\N	0	2494	\N	\N	\N	\N	930	1	\N	\N	N
931	1	193	TWT538011Y		\N	0	2497	\N	\N	\N	\N	931	1	\N	\N	N
932	1	193	TWT54200UN	x	\N	0	13300	\N	\N	\N	\N	932	1	DCKT	\N	N
933	1	193	TWT538012A	x	\N	0	13302	\N	\N	\N	\N	933	1	DCKT	\N	N
934	1	193	TWT538013E	x	\N	0	13301	\N	\N	\N	\N	934	1	DCKT	\N	N
935	1	193	TWT54001CB	확인필요	\N	0	13084	\N	\N	\N	\N	935	1	DCKT	\N	N
936	1	193	TWT54001AP	6541	\N	0	7989	\N	\N	\N	\N	936	1	DCKT	\N	N
937	1	193	TWT5380117		\N	0	2540	\N	\N	\N	\N	937	1	\N	\N	N
938	1	21	TWT5250113	6520	\N	0	11079	\N	\N	\N	\N	938	1	DCKT	\N	N
939	1	193	TWT54001C0		\N	0	2496	\N	\N	\N	\N	939	1	\N	\N	N
940	1	193	TWT538012C	0000	\N	0	11085	\N	\N	\N	\N	940	1	DCKT	\N	N
941	1	193	TWT538011D	0000	\N	0	11084	\N	\N	\N	\N	941	1	DCKT	\N	N
942	1	193	TWT538011H		\N	0	2503	\N	\N	\N	\N	942	1	\N	\N	N
943	1	193	TWT5380174		\N	0	2501	\N	\N	\N	\N	943	1	\N	\N	N
944	1	193	TWT54001B7		\N	0	2495	\N	\N	\N	\N	944	1	\N	\N	N
945	1	21	TWT52201JP	5744	\N	0	12733	\N	\N	\N	\N	945	1	DCKT	\N	N
946	1	21	TWT52500BP	5636	\N	0	12689	\N	\N	\N	\N	946	1	DCKT	\N	N
947	1	21	TWT52201LA	5743	\N	0	12732	\N	\N	\N	\N	947	1	DCKT	\N	N
948	1	8		00000	\N	11666	2507	\N	\N	\N	\N	948	1	DCKT	\N	N
949	1	31	SGH542X0M5		\N	0	2508	\N	\N	\N	\N	949	1	\N	\N	N
950	1	31	SGH521X03Y	0000000	\N	0	2509	\N	\N	\N	\N	950	1	DCKT	\N	N
951	1	31	SGH542X0LU		\N	11666	2510	\N	\N	\N	\N	951	1	\N	\N	N
952	1	31	SGH607X2DS	5791	\N	0	2511	\N	\N	\N	\N	952	1	\N	\N	N
953	1	31	SGH539X0PW		\N	0	2512	\N	\N	\N	\N	953	1	\N	\N	N
954	1	31	SGH539X0SC		\N	11666	3561	\N	\N	\N	\N	954	1	\N	\N	N
955	1	31	SGH502X1BT	000000	\N	0	9600	\N	\N	\N	\N	955	1	DCKT	\N	N
956	1	193	TWT54200VP	확인필요	\N	0	15512	\N	\N	\N	\N	956	1	\N	\N	N
957	1	193	TWT54200UU	미할당	\N	0	10699	\N	\N	\N	\N	957	1	DCKT	\N	N
958	1	193	TWT54001AU	0000	\N	0	11083	\N	\N	\N	\N	958	1	DCKT	\N	N
959	1	31	SGH508X01H		\N	0	2515	\N	\N	\N	\N	959	1	\N	\N	N
960	1	21	TWT52500BT	6529	\N	0	8187	\N	\N	\N	\N	960	1	DCKT	\N	N
961	1	8			\N	11666	2531	\N	\N	\N	\N	961	1	\N	\N	N
962	1	31	SGH515X1MK	00000	\N	0	10232	\N	\N	\N	\N	962	1	DCKT	\N	N
963	1	193	TWT54200UK		\N	0	2593	\N	\N	\N	\N	963	1	\N	\N	N
964	1	21	TWT52201LW	5637	\N	0	12690	\N	\N	\N	\N	964	1	DCKT	\N	N
965	1	193	TWT54200VL		\N	0	2524	\N	\N	\N	\N	965	1	\N	\N	N
966	1	193	TWT54200VN		\N	0	2525	\N	\N	\N	\N	966	1	\N	\N	N
967	1	193	CN762702J0	확인필요	\N	0	13078	\N	\N	\N	\N	967	1	DCKT	\N	N
968	1	193	TWT54100LD	0000	\N	0	11082	\N	\N	\N	\N	968	1	DCKT	\N	N
969	1	193	TWT54001BL	6476	\N	0	12625	\N	\N	\N	\N	969	1	DCKT	\N	N
970	1	193	TWT538011B		\N	0	2504	\N	\N	\N	\N	970	1	\N	\N	N
971	1	21	TWT53701K0	6518	\N	0	11078	\N	\N	\N	\N	971	1	DCKT	\N	N
972	1	193	TWT538011M	x	\N	0	13248	\N	\N	\N	\N	972	1	DCKT	\N	N
973	1	193	TWT60700HD	0000	\N	0	11081	\N	\N	\N	\N	973	1	DCKT	\N	N
974	1	10			\N	11666	2532	\N	\N	\N	\N	974	1	\N	\N	N
975	1	10	GHX761S		\N	0	2533	\N	\N	\N	\N	975	1	\N	\N	N
976	1	10	FZ2Y61S	55980	\N	11666	2534	\N	\N	\N	\N	976	1	\N	\N	N
977	1	10	FK8B61S	55987	\N	11666	2535	\N	\N	\N	\N	977	1	\N	\N	N
978	35	35	SGH951XHHD	72996	\N	0	978	\N	\N	\N	\N	978	1	DCKT	93	N
979	35	35	SGH951XHHC	72997	\N	0	979	\N	\N	\N	\N	979	1	DCKT	93	N
980	35	35	SGH951XHHE	72998	\N	0	980	\N	\N	\N	\N	980	1	DCKT	93	N
981	35	35	SGH950X6V1	72999	\N	0	5194	\N	\N	\N	\N	981	1	DCKT	93	N
982	35	24	CN795003JC	72982	\N	0	17985	\N	\N	\N	\N	982	1	DCKT	95	N
983	35	24	CN795001Z3	72983	\N	0	16968	\N	\N	\N	\N	983	1	DCNXK	95	N
984	35	24	CN795001YV	72984	\N	0	15385	\N	\N	\N	\N	984	1	DCKT	95	N
985	35	24	CN795003J7	72985	\N	0	18585	\N	\N	\N	\N	985	1	DCKT	95	N
986	35	24	CN795003J8	72986	\N	0	17984	\N	\N	\N	\N	986	1	DCKT	95	N
987	35	24	CN795003KG	72987	\N	0	8329	\N	\N	\N	\N	987	1	DCKT	95	N
988	35	24	CN795003J4	72988	\N	0	12870	\N	\N	\N	\N	988	1	DCKT	95	N
989	35	24	CN795003J2	72989	\N	0	12869	\N	\N	\N	\N	989	1	\N	95	N
990	35	24	CN795003J0	72990	\N	0	12868	\N	\N	\N	\N	990	1	DCKT	95	N
991	35	24	CN793205MV	72407	\N	0	15079	\N	\N	\N	\N	991	1	DCNXK	95	N
992	35	24	CN795001YT	72992	\N	0	13561	\N	\N	\N	\N	992	1	DCIT	95	N
993	35	24	CN795001Z1	72993	\N	0	12866	\N	\N	\N	\N	993	1	DCKT	95	N
994	35	24	CN795003JS	72994	\N	0	12865	\N	\N	\N	\N	994	1	DCKT	95	N
995	35	24	CN795000A9	72995	\N	0	14799	\N	\N	\N	\N	995	1	DCKT	95	N
996	1	2	2307US2197		\N	11666	996	\N	\N	\N	\N	996	1	\N	\N	N
997	1	2	2307US1841		\N	11666	997	\N	\N	\N	\N	997	1	\N	\N	N
998	1	2	2304US1109		\N	11666	998	\N	\N	\N	\N	998	1	\N	\N	N
999	1	21	TWT61800KS		\N	0	9020	\N	\N	\N	\N	999	1	\N	\N	N
1000	1	21	TWT61100P1		\N	0	9019	\N	\N	\N	\N	1000	1	\N	\N	N
1001	1	21	TWT6110NW		\N	0	9018	\N	\N	\N	\N	1001	1	\N	\N	N
1002	1	21	TWT53901MJ	없음	\N	0	11593	\N	\N	\N	\N	1002	1	DCKT	\N	N
1003	1	21	CN7637017K	4633	\N	0	9012	\N	\N	\N	\N	1003	1	\N	\N	N
1004	1	21	TWT54200VU		\N	0	9011	\N	\N	\N	\N	1004	1	\N	\N	N
1005	1	21	TWT538013H		\N	0	9016	\N	\N	\N	\N	1005	1	\N	\N	N
